016806	大众	1
016806	途观	1
016803	高尔夫	0
016803	POLO	0
016800	斯柯达晶锐	0
016797	迈腾	1
016795	大众	1
016795	途观	1
016791	东风标致3008	1
016789	晶锐	1
016785	大众途安	0
016781	凯美瑞	1
016777	途观	1
016773	Cross Polo	1
016767	晶锐	1
016766	明锐	0
016759	凌度	0
016755	朗行	0
016751	东风日产	0
016748	斯柯达明锐	1
016745	思域	0
016745	本田	0
016743	凯迪拉克PHEV	0
016741	现代	0
016741	途胜	1
016724	沃尔沃	1
016721	悦纳	1
016720	凌渡	1
016700	东风悦达起亚k3	-1
016699	速派	1
016693	S40	0
016692	宝马	-1
016686	雪佛兰科帕奇	-1
016685	别克凯越HRV	1
016682	途安L	1
016674	大众	1
016671	斯柯达昕动	-1
016669	雷凌	1
016667	昂克赛拉	1
016667	CX-4	-1
016667	CX-5	-1
016667	阿特兹	-1
016665	X5	0
016665	X7	0
016665	BMW	0
016665	7系	0
016665	宝马	0
016663	i8	0
016663	7系	0
016663	宝马	0
016663	i3	0
016660	昕动	0
016659	昕锐	1
016656	昂科威	0
016656	奇骏	0
016656	国产自由光	0
016656	CR-V	0
016656	途观	0
016656	翼虎	0
016644	君越	0
016644	欧蓝德	0
016644	中华H530	0
016644	凯越	0
016644	宝骏630	0
016639	斯柯达 KODIAQ	1
016639	途观	1
016635	凯迪拉克	0
016633	哈弗	0
016632	捷豹	0
016630	长安福特福特蒙迪欧致胜	-1
016629	思域	0
016629	本田	0
016624	Polo	0
016624	Polo GTI	0
016624	大众	0
016623	地球梦	0
016623	飞度	1
016622	标致	0
016621	福克斯	1
016614	开瑞K50	1
016613	迈锐宝XL	0
016611	奥迪	0
016603	大众	0
016600	上汽大众	0
016600	途观	0
016600	RAV4 荣放	0
016596	路虎极光	-1
016595	斯柯达速派	0
016590	凯越	0
016589	大众CUV	0
016586	途观	1
016585	别克凯越	0
016584	雪铁龙	1
016577	广汽本田	-1
016575	大众	0
016575	途安	1
016572	宝马3系	0
016572	丰田卡罗拉	0
016572	本田雅阁	0
016571	高尔夫	0
016571	别克	0
016565	长安	0
016560	北汽幻速	0
016560	幻速H2	0
016558	富康	0
016558	桑塔纳	0
016558	凯越	0
016558	捷达	0
016555	雅阁	0
016552	大众朗逸	0
016549	Q5	0
016549	XRT	0
016549	林肯	0
016543	荣达	0
016537	朗境	0
016533	华泰	1
016531	奥迪A6	0
016530	雅阁	0
016514	速派	1
016513	up	0
016513	Volkswagen Polo	0
016507	英朗	0
016507	朗逸	0
016507	卡罗拉	0
016507	科鲁兹	0
016507	福睿斯	0
016503	大众	-1
016500	大众	0
016499	保时捷	0
016499	波尔舍	0
016490	沃尔沃	0
016489	明锐	0
016489	斯柯达	0
016487	明锐	0
016482	途观	1
016476	众泰T600	0
016475	讴歌	0
016474	大众	-1
016473	东风风度	0
016469	3008	0
016469	标致	0
016469	东风标致	0
016462	桑塔纳	0
016461	New Polo	0
016460	东风	0
016460	东风标致雪铁龙	0
016460	风神	0
016460	神龙	0
016456	宝马	1
016449	晶锐	1
016446	长安铃木天语	-1
016445	明锐	1
016442	凌渡	1
016441	汉兰达	0
016441	福特锐界	0
016441	传祺GS8	0
016436	奔驰	0
016436	宝马	0
016435	明锐	1
016435	大众	1
016435	斯柯达	1
016425	别克	0
016424	途安L	1
016422	大众	0
016418	途观	1
016416	途安L	0
016416	上海大众	0
016413	大众	0
016412	MKZ	1
016412	Continental	0
016412	林肯	0
016411	GTI	0
016410	沃尔沃	-1
016407	斯柯达	0
016406	H6	0
016406	朗逸	0
016406	大众	1
016405	昕锐	0
016399	斯柯达明锐	0
016396	奥迪	1
016392	斯柯达Yeti	1
016387	英朗	1
016386	凯越	0
016381	佳乐	0
016380	大众	0
016377	Jetta	0
016377	凌渡	0
016376	上海MG7	0
016371	New Polo	1
016368	昕动	0
016364	天津一汽	0
016364	丰田	0
016363	GTi	0
016363	大众	0
016360	雪佛兰萨博班	1
016356	凌渡	1
016352	飞度	0
016350	晶锐	1
016350	IS	1
016347	桑塔纳	0
016342	途安L	0
016341	凌渡	0
016340	斯柯达	0
016324	爱丽舍	0
016324	小4	0
016323	帕萨特	1
016315	广汽传祺	0
016314	科鲁兹	0
016309	速派	0
016305	东风标致308	1
016300	雅阁	0
016300	蒙迪欧	0
016299	福特Crown Victoria Police Interceptor	0
016295	广汽丰田致炫	0
016293	朗逸	0
016293	上海大众	0
016291	迈凯轮	0
016282	凌渡	1
016273	KX3	0
016273	东风悦达起亚	0
016272	科鲁兹	0
016271	致胜	1
016266	速派	1
016264	大众	0
016263	迈腾	1
016262	大众	1
016260	昕动	1
016255	明锐	1
016252	凯迪拉克PHEV	1
016244	途观	1
016236	大众	1
016236	途观	1
016232	富康	0
016232	桑塔纳	0
016232	夏利	0
016232	捷达	0
016230	桑塔纳	0
016227	宋	0
016227	比亚迪	0
016225	途观	0
016206	东风标致	0
016201	辉昂	0
016201	大众	0
016201	辉腾	0
016197	途观	1
016194	速派	0
016192	轩逸	1
016192	思域	1
016192	本田	1
016189	迈腾	0
016189	一汽大众	0
016188	长安铃木羚羊	-1
016184	Polo GTI	0
016181	朗逸	0
016180	速派	0
016164	奔驰	1
016164	梅赛德斯-奔驰	1
016162	卡罗拉	0
016162	丰田	0
016161	大众	1
016161	途观	1
016159	smart	0
016159	骐达	0
016159	雨燕	-1
016159	飞度	-1
016159	Polo	0
016157	大众	0
016157	辉腾	0
016157	途锐	0
016154	i8	0
016154	宝马	0
016151	GTI	0
016151	大众凌渡	0
016151	大众凌渡GTI	0
016150	智跑	0
016150	起亚	0
016145	北斗星	0
016144	斯柯达昕动	0
016136	QQ6	1
016134	飞度	1
016130	宝来	1
016124	雷凌	0
016124	锋范	0
016124	思域	0
016124	丰田	0
016124	花冠	0
016124	本田	0
016124	凌派	0
016124	卡罗拉	0
016115	福克斯	0
016113	东风标致2008	0
016112	途观	1
016111	保时捷	0
016111	BMW	0
016101	丰田汉兰达	0
016101	途观	0
016101	福特锐界	0
016100	北京现代伊兰特	-1
016094	本田	0
016094	Honda	0
016091	昕动	-1
016084	奥迪	-1
016082	途观	0
016079	上海大众	-1
016071	凯越	0
016068	卡罗拉	1
016067	朗行	0
016065	宝马	0
016062	速腾	-1
016047	Cross Polo	1
016045	北京现代	0
016039	途安L	0
016032	F-PACE	0
016032	捷豹	0
016029	Yeti	1
016027	东风雪铁龙	0
016024	雅阁	0
016024	速派	0
016018	启辰晨风	1
016012	PHIDEON辉昂	0
016002	奥迪A8	0
016001	宝马	0
015996	丰田	0
015995	大众	0
015988	桑塔纳	1
015984	途观	0
015981	昕锐	0
015981	斯柯达昕锐	0
015981	大众	0
015981	斯柯达	0
015980	速派	0
015969	讴歌-MDX	1
015961	PHIDEON辉昂	0
015961	大众	0
015961	GT	0
015960	凯迪拉克	0
015960	宝马3系	0
015960	a6L	0
015955	地球梦	1
015955	飞度	1
015952	福特	0
015948	Cross桑塔纳	0
015943	大众	1
015943	捷达	1
015940	荣放	1
015940	途观	0
015938	速派	0
015938	斯柯达	1
015932	途观	1
015922	北京奔驰	0
015922	E级	0
015921	POLO	0
015921	大众	0
015920	朗逸	1
015916	CX-4	0
015916	阿特兹	0
015916	速派	0
015916	迈锐宝XL	0
015912	GLS	0
015912	梅赛德斯-奔驰	0
015910	大众	0
015910	桑塔纳2000	0
015905	东风日产轩逸	-1
015904	大众	-1
015904	途观	-1
015903	凯迪拉克	0
015901	宝马	0
015899	飞度	0
015898	凯迪拉克CT6 PHEV	0
015893	雪铁龙	-1
015886	大众	0
015884	英朗	0
015879	众泰	0
015872	奥迪A8	-1
015870	长安福特	0
015870	福克斯	0
015866	速腾	0
015865	速腾	0
015865	名图	0
015864	RAV4荣放	1
015861	速腾	0
015858	Buick凯越	0
015857	A4L	0
015854	Mark 7	0
015854	XK120	0
015854	捷豹	0
015846	H6	0
015846	长城-哈弗	0
015844	帕萨特	-1
015841	福特福睿斯	1
015841	福克斯	0
015840	明锐	0
015839	宝马	0
015836	凌渡 GTS	0
015835	迈腾	1
015828	途观	0
015827	东风标致	-1
015825	斯柯达	0
015822	高尔夫	0
015822	威朗	1
015821	保时捷	0
015821	众泰	0
015813	奔驰	0
015813	奥迪	0
015813	大众	0
015813	风光	0
015812	上海通用别克昂科拉	0
015802	爱信	0
015802	丰田	0
015799	速派	0
015799	上海斯柯达	0
015798	New Polo	1
015797	途安L	0
015797	大众	0
015796	路虎发现神行	1
015793	上汽大众斯柯达	1
015793	晶锐	1
015791	凌渡	0
015782	天籁	0
015778	途观	0
015776	福特	-1
015768	宝马	0
015766	明锐	0
015764	丰田	0
015761	保时捷	0
015759	途观	0
015755	桑塔纳	0
015755	捷达	1
015748	大众途观	1
015747	途观	0
015747	翼虎	0
015740	众泰T600	0
015739	科鲁兹	0
015738	大众	0
015736	马自达CX-5	0
015736	途观	0
015736	翼虎	0
015734	k3s	1
015734	起亚	1
015734	POLO	1
015734	福克斯	1
015731	国光	0
015731	途观	0
015730	昂科威	0
015730	途观	0
015730	宝马	0
015727	明锐	0
015727	途安	0
015727	凌渡	0
015724	途观	0
015709	奥迪	0
015708	明锐	0
015705	英朗	1
015703	奥迪	0
015702	玛莎拉蒂GranCabrio	0
015699	POLO	0
015699	大众	0
015697	速派	0
015690	荣威360	1
015684	蒙迪欧	0
015684	林肯	0
015682	爱丽舍	0
015681	沃尔沃	0
015679	昕动	0
015676	帕萨特	0
015666	胜达	0
015666	北京现代	0
015662	雷克萨斯	-1
015662	丰田	0
015660	东风风行	0
015655	君威	1
015655	别克	1
015649	途观	0
015649	大众	0
015649	奥迪A5	0
015638	沃尔沃	0
015633	东风雪铁龙	0
015632	保时捷	0
015632	众泰Z700	0
015631	宝来	0
015628	X1 xDrive25Le	0
015628	宝马	0
015627	昕锐	0
015625	众泰	0
015621	速派330	0
015621	速派	0
015620	斯巴鲁	-1
015617	羚羊	0
015617	qq	0
015617	奥拓	1
015614	福特	-1
015610	大众	0
015607	斯柯达	0
015606	迈腾	0
015606	大众	0
015604	起亚	1
015604	现代	1
015604	别克	1
015604	大众	1
015604	传祺轿车GA6	1
015601	昕锐	1
015601	斯柯达	1
015597	朗行	0
015596	大众高尔	0
015596	高尔夫	0
015596	桑塔纳2000	0
015596	上海大众	0
015595	昕动	1
015590	辉昂	0
015590	小帕	0
015590	朗逸	0
015590	大众	0
015589	迈腾	0
015589	胜达	0
015589	路感	1
015589	捷达	0
015587	大众POLO	1
015587	大众	1
015586	昕动	0
015585	途观XL	0
015585	途观	0
015579	途安l	1
015575	Polo GTi	0
015575	大众	0
015573	明锐	0
015565	Yeti	1
015562	速腾	0
015558	宝马2系	1
015558	途安L	1
015558	宝马	1
015552	途安L	0
015549	朗行	1
015548	保时捷Cayman GT4	0
015548	保时捷911 Turbo	1
015535	迈腾	0
015535	帕萨特	0
015535	萨帕特	0
015533	奔驰E	1
015531	大众辉昂	0
015523	上汽大众辉昂	0
015523	大众	0
015522	思域	0
015522	思铭	0
015522	东风本田	0
015520	桑塔纳	0
015520	捷达	1
015511	别克威朗	1
015506	大众凌渡	0
015506	长城M4	0
015501	上汽大众	0
015501	途观	0
015489	速派	0
015486	广汽传祺	0
015486	传祺	0
015483	炫丽	0
015483	大龅牙	0
015481	马自达Atenza	0
015481	创驰蓝天	0
015481	马自达	0
015481	阿特兹	0
015478	福特	0
015462	广汽传祺	0
015454	CT6	0
015454	凯迪拉克CT6 PHEV	0
015450	丰田	0
015449	途观	0
015446	小理	1
015445	哈弗H6	0
015445	长城	0
015443	宝来R	0
015443	大众	0
015439	PHIDEON辉昂	0
015439	上汽大众	0
015436	奥迪	0
015434	帕萨特	1
015432	CR-V	0
015432	途安L	1
015426	玛莎拉蒂Birdcage	0
015418	东风风神	1
015418	A60	1
015416	迈腾	0
015406	一汽-大众	1
015406	速腾	0
015405	上汽大众	0
015405	途观	0
015399	宝马	0
015397	昕动	0
015395	长安金牛星	-1
015389	S350	0
015389	福特翼虎	1
015383	君越	-1
015375	XR-V	0
015375	东风本田	0
015371	桑塔纳	0
015367	大众	0
015366	斯柯达明锐	0
015361	特斯拉Model S	0
015361	特斯拉	0
015360	大众	0
015358	大众	1
015358	速派	1
015358	斯柯达	1
015357	雪佛兰	0
015356	大众POLO	0
015356	POLO	0
015344	1系	0
015344	明锐	1
015343	东风标致4008	1
015338	C4世嘉	0
015338	朗逸	0
015337	东风风神	1
015330	别克	1
015330	凯越	0
015328	大众	0
015322	大众凌渡	0
015322	大众	0
015320	大众途观	1
015320	途观	1
015308	大众	-1
015306	昕动	0
015305	速派330	0
015291	西亚特	0
015291	大众	0
015291	现代	0
015291	宝马	0
015291	霍顿	0
015290	凯越	1
015284	凌渡	0
015277	凌渡	1
015273	轩逸	0
015273	英朗	0
015273	朗逸	0
015273	卡罗拉	1
015270	劳斯莱斯	0
015267	速派	0
015266	雷克萨斯NX	0
015264	桑塔啦	0
015264	大众polo	0
015251	玛莎拉蒂	-1
015250	Polo GTi	0
015250	大众	0
015249	迈腾	0
015249	奥迪	1
015249	一汽大众	0
015249	捷达	0
015248	东风标致	0
015241	腾势	0
015240	东风悦达起亚KX3	0
015239	广汽本田	-1
015238	大众帕萨特	1
015233	东风标致3008	0
015228	爱丽舍	0
015228	东风雪铁龙	0
015227	凌渡GTS	1
015225	瑞风	0
015225	风行	0
015224	雷诺	0
015224	拉达	0
015221	雷诺Clio	0
015221	Ypsilon	0
015214	Vision C	1
015214	昊锐	1
015214	速派	1
015212	速派	0
015212	斯柯达	0
015210	斯巴鲁	0
015210	斯巴鲁森林人	0
015209	胜达	0
015209	北京现代	0
015208	路虎极光	0
015204	晶锐	1
015199	沃尔沃	-1
015196	朗逸	1
015195	马自达	0
015191	速派	1
015183	科鲁兹	0
015182	Polo	0
015175	Niva	0
015175	菲亚特	0
015175	拉达	0
015173	朗境	1
015173	大众	0
015164	路虎	0
015164	宝马	0
015162	大众朗逸	0
015162	东风标致	0
015162	丰田卡罗拉	0
015162	3008	0
015162	308S	0
015161	瑞翼	1
015161	瑞纳	1
015156	斯柯达速派	1
015154	奔驰	0
015154	昂科威	0
015154	宝马	0
015152	朗逸	0
015147	轩逸	0
015146	Polo GTI	1
015145	Polo	0
015145	大众	0
015144	速腾	1
015144	大众	0
015143	讴歌	-1
015135	上海大众朗逸	0
015131	宝骏560	1
015123	玛莎拉蒂GT	1
015122	本田	1
015117	帕萨特	0
015115	凌渡	1
015097	飞度	1
015093	途观	0
015092	朗动	0
015089	大众	1
015089	途观	1
015088	途安L	1
015084	宝来R	0
015084	思域	0
015078	雷克萨斯	0
015077	大众	1
015072	途安	0
015059	大众	1
015059	大众捷达	1
015059	捷达	1
015055	朗逸	0
015050	迈腾	0
015050	大众	1
015047	MG	0
015047	小3	0
015047	名爵MG3	0
015046	丰田	0
015032	郑州日产俊风	-1
015027	Q7	1
015027	卡宴	1
015027	途锐	1
015026	昂科拉	1
015026	小昂	0
015026	别克昂科拉	0
015024	长安马自达	0
015022	昕动	0
015018	奔驰	0
015018	凌渡	0
015018	Lamando凌渡	0
015015	斯柯达昕动	1
015014	大众POLO	0
015000	朗行	0
014999	速派	0
014998	斯柯达明锐	1
014996	保时捷	0
014995	明锐	0
014995	上海大众斯柯达	0
014994	明锐	0
014994	速派	0
014989	速腾	-1
014989	大众朗逸	-1
014989	大众	-1
014985	保时捷panamera	-1
014977	凯迪拉克PHEV	0
014976	明锐	0
014976	速腾	0
014976	朗逸	0
014976	奥拓	0
014976	宝来	0
014976	福克斯	0
014975	雪弗兰	0
014975	上海通用	0
014971	东风标致	0
014970	众泰	0
014960	长安悦翔V7	0
014957	长安杰勋	0
014951	明锐	0
014950	菲亚特	0
014941	凯迪拉克PHEV	0
014937	长安cs35	-1
014935	奔驰	0
014934	A4	0
014934	奇骏	0
014934	法拉利	0
014930	奥迪a8L	0
014929	斯柯达	0
014926	凯翼	1
014926	比速	0
014926	斯威	0
014926	汉腾	0
014919	胜达	0
014919	北京现代	0
014918	途观	1
014914	迈腾	1
014914	大众	1
014910	本田	0
014908	轩逸	0
014907	长城	0
014907	哈弗	0
014907	五菱小面	0
014899	吉利博越	0
014899	凌渡230	0
014899	大众	0
014898	明锐	0
014898	速腾	-1
014897	上汽大众途观	0
014891	天津一汽	0
014891	夏利N5	0
014890	逍客	0
014890	启辰T70	0
014886	锐虎	0
014886	路虎	0
014884	斯柯达	0
014883	大众桑塔纳	1
014880	辉昂	1
014880	大众	1
014876	明锐	1
014876	斯柯达	1
014873	东风风神	1
014873	A60	1
014870	速派	0
014865	雅阁	0
014865	奔驰C级	0
014865	宝马3系	0
014865	君越	0
014865	帕萨特	0
014856	Polo	1
014849	沃尔沃	0
014846	一汽-大众	-1
014846	奥迪SQ5	-1
014845	众泰	0
014845	双环 SCEO	0
014845	宝马 X5	0
014845	力帆 320	0
014845	MINI	0
014842	帕萨特	0
014841	广汽传祺	0
014835	速派	0
014828	小夏	-1
014818	雅阁	0
014818	凌派	0
014818	雪铁龙C4L	0
014811	本田锋范	0
014809	凯越	0
014800	轩逸	1
014799	思域	0
014792	国产雅阁	1
014790	翼搏	1
014788	斯柯达昕动	1
014786	途安L	0
014775	君越	0
014775	君威	0
014775	蒙迪欧	0
014774	英朗	0
014774	别克	0
014774	欧宝雅特	0
014769	明锐	0
014765	知豆ZD-1	0
014764	卡罗拉	1
014763	江铃	0
014763	五十铃	0
014763	李尔	0
014763	福特	0
014762	途观	1
014759	广汽丰田	0
014752	速派	0
014744	途观	1
014741	雨燕	0
014740	楼兰	0
014740	蓝鸟	0
014740	东风日产	0
014737	PHIDEON辉昂	1
014737	大众	1
014734	凌渡	0
014730	奔驰	0
014730	雅阁	1
014726	朗境	1
014722	MKZ	0
014722	林肯	0
014719	高尔	1
014704	大众	0
014701	起亚 K5	0
014698	速腾	0
014698	大众	0
014695	昂科拉	1
014694	速派	0
014693	别克凯越	0
014690	大众	0
014684	IS	1
014682	途安L	1
014680	途观	0
014677	玛莎拉蒂	1
014675	宝马 S 1000 RR	0
014674	Q3	1
014669	北京奔驰C级	-1
014666	速派	1
014665	自由光	0
014665	别克	0
014665	昂科威	0
014665	Jeep	0
014659	东南汽车	0
014652	C4世嘉	0
014652	朗逸	0
014652	大众	0
014650	别克	0
014650	凯越	0
014646	凌渡	0
014645	途安L	1
014642	XC90	0
014642	桑塔纳	0
014642	阿特兹	0
014642	丰田花冠	1
014642	捷达	0
014642	一汽丰田	1
014642	马自达6	0
014642	沃尔沃XC90	0
014642	睿翼	0
014629	福特野马	0
014622	朗行	0
014599	宝马	0
014596	保时捷	0
014596	路虎	0
014593	卡罗拉	0
014589	爱丽舍	0
014589	昕锐	1
014584	轩逸	0
014584	蓝鸟	0
014584	大众	0
014584	日产	0
014584	天籁	0
014580	长城C30	0
014579	途观	-1
014577	A1	1
014576	本田杰德	1
014575	天津一汽威志V2	-1
014571	铃木	-1
014566	广汽传祺GA3S	0
014565	北京绅宝D50	0
014557	法拉利	0
014555	宝马2系	0
014555	途安L	0
014552	奥迪	0
014549	桑塔纳	0
014541	福特翼博	0
014538	迈腾	0
014535	宝马	0
014533	斯柯达速派	1
014527	沃尔沃	0
014527	戴姆勒	0
014526	捷豹路虎	0
014521	雪佛兰	0
014518	XR-V	1
014515	大迈X5	0
014515	众泰大迈	0
014510	速派	0
014502	Cross Polo	0
014498	CRV	1
014498	途观	1
014497	卡罗拉	1
014491	昕动	1
014489	速派	0
014479	朗逸	1
014479	Lavida	1
014476	哈弗m2	-1
014470	雷诺	-1
014467	Polo	0
014463	华泰	0
014457	朗行	0
014454	铃木吉姆尼	0
014453	Polo	0
014451	大众朗逸	1
014447	福克斯	1
014445	明锐	-1
014444	桑塔纳	0
014440	宝马535	0
014440	奔驰E400	1
014438	福克斯	1
014436	君威	1
014434	北京现代朗动	-1
014429	GS4	1
014429	GS8	1
014428	雪铁龙	1
014423	明锐	0
014421	5系	0
014420	途安L	1
014419	斯威	0
014419	宝马	0
014416	大众	1
014416	速派	1
014415	高尔夫	0
014414	昕动	0
014406	leaf	0
014406	启辰晨风	0
014402	东风风神H30	0
014398	大众	0
014387	众泰	0
014387	大众	0
014381	QQ	0
014378	沃尔沃	0
014378	福特	0
014376	X80	0
014376	一汽奔腾	0
014376	B90	1
014376	一汽	0
014376	B70	0
014372	昕动	1
014372	上汽大众斯柯达	1
014370	GS4	0
014370	GA8	0
014370	GM8	0
014370	GS8	0
014370	广汽传祺	0
014369	博瑞	0
014369	博越	0
014369	迈锐宝XL	0
014368	斯柯达	1
014366	朗行	0
014364	广汽传祺GS4	1
014364	别克昂科威	1
014364	比亚迪宋	1
014364	哈弗H8	1
014360	明锐	0
014360	速派	0
014357	长安	0
014357	比亚迪	0
014357	上汽	0
014357	北汽	0
014357	江淮	0
014356	奥迪	0
014355	上海大众帕萨特	-1
014347	广汽传祺	1
014340	沃尔沃	0
014340	XC90	0
014340	S90	0
014337	爱丽舍	1
014337	昕锐	1
014334	GTI	0
014334	POLO	0
014334	大众	0
014333	朗逸	0
014331	宝马	0
014323	本田	1
014319	Yeti	1
014314	长安CS35	0
014314	长安CS75	0
014312	英朗	1
014302	保时捷	0
014302	卡宴	0
014298	英朗	0
014298	凯越	0
014280	众泰	0
014279	别克威朗	0
014278	别克凯越	0
014276	速腾	0
014276	GLI	0
014274	福特	0
014266	奔驰	0
014266	奥迪	0
014266	宝马	0
014265	广汽丰田	0
014265	汉兰达	0
014261	朗逸	0
014252	高7	1
014252	途观	0
014246	GS8	1
014246	传祺	1
014243	英朗	0
014243	君越	1
014242	凯迪拉克	0
014234	大众	0
014234	宝马	0
014231	途观	0
014231	哈弗H6	0
014231	卡罗拉	0
014231	帕萨特	0
014223	速派	0
014222	福克斯	0
014220	北京现代	0
014219	宝骏310	0
014214	高尔夫	0
014210	大众	0
014204	川汽野马	-1
014198	爱丽舍	0
014198	昕锐	0
014195	桑塔纳LS	0
014194	轩逸	1
014194	朗逸	1
014194	大众	0
014194	卡罗拉	1
014188	沃尔沃	1
014188	吉利	1
014188	博越	1
014186	五菱	0
014185	标致	0
014180	华骏	0
014180	东风悦达起亚	0
014180	锐欧	0
014173	Polo GTI	0
014171	大众	0
014171	斯柯达	0
014169	上汽大众	0
014168	长安	0
014154	锋驭	1
014149	上海大众POLO	-1
014148	途安L	1
014144	雷克萨斯LC500	0
014144	雷克萨斯LF-LC	0
014143	凌渡	0
014142	五十铃	-1
014135	铃木锋驭	0
014133	别克高尔夫	0
014133	上汽通用别克	0
014131	大众凌渡	1
014128	朗逸	1
014128	Q5	1
014123	陆虎揽胜	0
014123	陆虎	0
014123	福特	0
014120	昕悦	0
014120	启悦	1
014120	大众	0
014117	思铂睿	0
014115	Passat	0
014115	大众	0
014115	帕萨特	0
014115	帕萨特B1	0
014101	斯柯达速派	1
014097	雪佛兰黑斑羚	0
014097	雪佛兰Impala	0
014096	五菱	-1
014089	昕动	0
014084	保时捷	0
014076	昂科拉	0
014072	别克	0
014069	大众	1
014068	斯柯达	1
014065	昂科威	1
014064	途观	0
014058	凯迪拉克PHEV	0
014055	本田	1
014055	凌派	1
014053	科鲁兹	1
014052	途观	0
014044	卡罗拉	0
014044	爱丽舍	1
014042	途安L	1
014039	凯越	0
014034	朗逸	-1
014029	路虎神行者2	-1
014023	斯巴鲁森林人	0
014021	速派	0
014019	威朗	0
014019	英朗	0
014019	凯越	0
014018	东风雪铁龙C3-XR	0
014017	广汽讴歌	0
014012	高尔夫	1
014012	别克	0
014010	桑塔纳	0
014009	标致301	0
014004	名图	0
014004	领动	0
014004	长安CS75	0
014004	英朗	0
014004	朗逸	0
014004	朗动	0
013999	ES240	0
013999	雷克萨斯	0
013997	上汽大众	0
013997	奥迪A6L	0
013997	辉腾	0
013996	大众迈腾	0
013996	迈腾	0
013996	别克君越	0
013996	大众帕萨特	0
013994	马自达CX-4	1
013993	宝马	0
013992	斯柯达SUPERB	0
013992	速派	0
013977	宝来	0
013977	大众	0
013977	宝来Sportline	0
013976	现代飞思	-1
013952	西玛	0
013952	楼兰	0
013952	东风日产	0
013947	本田	1
013939	斯巴鲁森林人	0
013937	奥迪	0
013936	途安L	1
013936	途安	1
013932	嘉年华	0
013932	宝马	0
013931	恒悦	0
013931	江淮	0
013930	大众	0
013929	帕萨特	1
013928	卡曼cayman	0
013928	保时捷	0
013928	博克斯特Boxster	0
013924	劳斯莱斯	0
013922	凯越	0
013921	X3	0
013921	宝马	0
013915	长安福特	1
013910	速派	1
013904	朗逸	1
013903	捷豹路虎	0
013903	F-PACE	0
013895	荣威e550	0
013894	朗逸	1
013890	迈巴赫Exelero	0
013888	途观	1
013882	晶锐	-1
013879	奔驰	0
013879	奥迪	0
013879	宝马	0
013877	斯柯达	1
013874	讴歌	0
013868	奥迪	0
013868	CROSS	1
013868	途观	1
013867	昂科拉	1
013867	翼虎	1
013864	保时捷	0
013854	猎豹CS10	1
013852	明锐	0
013850	高尔夫	0
013850	卡罗拉	0
013849	GX7	0
013847	途观	1
013844	帕萨特	-1
013844	上海大众	-1
013843	大众	0
013842	传祺GA8	0
013842	东风风神	0
013842	东风A9	0
013842	广汽传祺	0
013840	明锐	-1
013839	现代i30N	1
013839	福特福克斯ST	1
013839	大众GTI	1
013838	大众	1
013838	途安	1
013837	上海通用	-1
013837	君越	-1
013835	比速	1
013830	途观	1
013829	昕动	0
013826	法拉利	-1
013825	一汽	-1
013825	马自达阿特兹	-1
013820	科鲁兹	0
013820	凯越	0
013811	斯柯达	0
013808	Continental	0
013808	林肯	0
013807	宝骏	1
013800	速派	1
013798	速腾	0
013793	斯柯达	1
013791	吉利帝豪EC7	0
013790	朗逸	0
013783	途安L	1
013783	大众	1
013782	大众T3	0
013780	速派	1
013780	斯柯达	1
013778	朗逸	1
013776	Lamando	0
013773	速腾	1
013769	卡罗拉	1
013761	天津一汽夏利	-1
013753	沃尔沃	0
013753	特斯拉	0
013752	翼虎	0
013752	福特	0
013748	广汽丰田	0
013747	广汽传祺GS8	0
013746	CrossPolo	1
013745	速派	1
013745	二系	0
013745	蒙迪欧	1
013745	阿特兹	0
013737	迈腾	1
013737	一汽-大众	0
013736	A6L	1
013732	GS8	0
013732	广汽传祺	0
013724	北京20	0
013724	吉普	0
013723	上海大众朗行	0
013720	途观	0
013717	雷克萨斯LX570	1
013717	雷克萨斯	1
013712	Cross Polo	0
013706	HRV	0
013706	别克	0
013703	长安铃木羚羊	-1
013699	轩逸	0
013694	斯柯达	0
013692	rav4	0
013691	Polo	0
013688	迈腾	0
013688	速派	0
013687	上汽	0
013687	大众	0
013687	上海大众	0
013686	奇瑞	0
013678	众泰Z700	0
013676	长安马自达	0
013674	Q3	0
013670	途安L	0
013669	高尔夫7	0
013668	1系	0
013668	宝马	1
013667	夏朗	0
013666	英菲尼迪QX30	0
013665	猎豹CS10	-1
013663	smart	0
013661	奔驰	0
013661	奥迪	1
013661	glk	1
013661	奥迪Q5	1
013661	奥迪A6	1
013655	上海通用别克凯越	-1
013650	君越30H	0
013650	上汽通用别克	0
013649	斯柯达	0
013639	沃尔沃xc60	0
013633	帝豪EC7	1
013633	逸动XT	1
013633	艾瑞泽5	1
013630	东风标致	0
013623	桑塔纳	0
013615	甲壳虫	1
013612	凯迪拉克PHEV	-1
013610	奥迪	-1
013609	霸道	0
013609	H9	1
013609	捷豹	0
013602	北京现代	0
013594	东风风度MX5	1
013586	CC	0
013586	高尔夫	0
013586	速腾	0
013586	迈腾	0
013586	一汽-大众	0
013586	宝来	0
013585	奥迪	0
013585	RSQ	0
013583	M6	0
013578	桑塔纳	0
013574	桑塔纳	0
013574	夏利	0
013574	捷达	0
013573	菲亚特500	0
013573	DS	0
013573	皇冠	1
013568	凯迪拉克	1
013565	高尔夫	0
013565	大众	0
013565	帕萨特	0
013556	MKZ	0
013556	林肯	0
013555	福特翼虎	0
013554	途观	0
013548	途安L	1
013547	速派	1
013547	斯柯达	1
013543	福克斯	0
013539	斯柯达晶锐	1
013538	朗行	1
013536	凌渡GTS	1
013536	凌渡	1
013532	本田	1
013526	斯柯达	1
013511	FIT	1
013510	途安L	1
013506	奔驰	0
013506	奥迪	0
013506	讴歌	0
013506	途观	0
013506	宝马	0
013501	明锐	-1
013496	高尔夫	0
013495	海马福仕达	0
013495	海马M8	0
013495	海马	0
013494	大众	0
013493	宝来	1
013490	沃尔沃	0
013482	昕锐	0
013473	野帝	0
013472	江淮	0
013471	C2	0
013458	POLO	1
013458	大众	0
013457	斯柯达	0
013454	沃尔沃	0
013454	沃尔沃XC60	0
013453	大众朗逸	1
013451	一汽	1
013451	宝马	1
013451	X1	1
013448	君威	0
013442	吉利	0
013442	帝豪GS	0
013442	博越	0
013442	帝豪	0
013441	途观	-1
013440	迈腾	-1
013440	一汽大众	-1
013438	长安	0
013437	奥迪80	1
013434	上汽大众	0
013434	Tiguan	1
013434	途观	0
013432	大宇	1
013432	别克	1
013432	凯越	1
013429	Tiguan	0
013425	斯柯达Kodiaq	0
013413	200T	0
013412	东风日产	-1
013404	奥迪	0
013404	大众	0
013400	大众	0
013398	斯巴鲁力狮	-1
013397	途安L	1
013396	速派	0
013395	雨燕	0
013391	神龙PSV	0
013387	Tiguan	0
013381	爱丽舍	1
013381	昕锐	1
013381	路感	1
013374	途观	1
013370	途安L	1
013369	斯巴鲁XV	-1
013369	斯巴鲁	-1
013369	森林人	-1
013368	福特	0
013363	菲亚特	0
013357	大众polo	0
013357	夏利n3	0
013355	大众	1
013355	凌渡GTS	1
013350	Polo GTI	0
013350	高尔夫GTI	0
013348	英朗	1
013348	别克	1
013344	颐达	0
013340	宝马	0
013339	奥迪	0
013332	一汽丰田	0
013328	宝马	0
013323	朗逸	0
013323	Lavida	0
013321	林肯	-1
013320	途观	0
013319	东风风神	1
013319	A60	1
013318	博越	1
013318	大众	1
013318	途观	1
013313	斯巴鲁	0
013313	森林人	0
013312	广汽丰田致炫	0
013306	上汽大众	1
013306	途观	1
013305	标致	0
013304	斯巴鲁傲虎	1
013303	Polo GTI	0
013302	明锐	1
013302	马三	1
013302	朗型	1
013302	速派	1
013302	Ds4s	1
013295	Cross Polo	0
013293	Yeti	0
013293	大众	0
013293	途安	0
013293	途观	0
013293	斯柯达	0
013287	轩逸	0
013280	奥迪	1
013280	A3	1
013271	明锐	0
013261	大众	0
013257	朗行	1
013256	东风标致	0
013252	速腾	0
013252	菲翔	0
013244	上海通用别克	-1
013241	奥迪	0
013241	一汽-大众奥迪	0
013239	三菱TR4	0
013239	瑞虎	1
013239	斯巴鲁森林人	0
013239	丰田Hilux SW4	0
013229	本田XR-V	0
013227	明锐	1
013225	速派	0
013214	一汽-大众	0
013214	一汽	0
013213	雅阁	0
013213	迈腾	1
013213	蒙迪欧	0
013213	帕萨特	0
013206	哈飞	-1
013204	大众朗逸	1
013204	日产轩逸	1
013204	丰田卡罗拉	1
013204	别克英朗	1
013202	北汽幻速	0
013192	上汽大众	0
013192	大众Polo	0
013190	逸动	0
013190	奔奔	0
013190	长安	0
013190	致尚XT	0
013190	长安CS35	0
013190	悦翔V3	0
013187	斯柯达明锐	1
013184	途安L	1
013177	奥迪	0
013177	A4L	0
013175	凯美瑞	0
013173	桑塔纳	0
013169	FT-1	0
013169	丰田	0
013168	东风标致4008	0
013165	Polo GTi	0
013163	广汽本田	0
013155	明锐	1
013132	宝马	1
013128	昂科威	0
013128	大众	0
013125	五菱宝骏	0
013122	一汽大众	0
013122	马六	1
013122	上海大众	1
013122	迈腾	0
013122	帕萨特	1
013122	大众	1
013120	上海通用别克英朗	-1
013118	宝骏310	0
013116	爱丽舍	1
013116	伊兰特	1
013116	捷达	1
013115	宝来	0
013111	长城	0
013110	长安	0
013107	大众polo	0
013099	glk	0
013095	凌渡	1
013090	速腾	1
013090	菲翔	1
013089	速派	0
013087	速腾	0
013087	哈佛	0
013082	凌渡	0
013079	Yeti	0
013072	速派	0
013072	斯柯达	0
013071	英朗	0
013064	凌渡	0
013063	小A	1
013062	高尔夫	0
013060	凯越	0
013057	X6	-1
013056	大众	0
013055	风云	1
013054	昂克赛拉	1
013051	上汽大众	0
013051	上汽大众朗逸	0
013051	五菱宏光	0
013048	科鲁兹	-1
013043	奔驰	0
013043	奥迪	0
013039	XRV	-1
013039	本田	0
013037	轩逸	1
013037	思域	0
013037	福睿斯	0
013033	朗逸	0
013029	大众途安	-1
013013	奥迪	0
013013	大众	0
013012	大众	1
013012	速派	0
013008	途观	0
013005	一汽-大众	0
013004	东风雪铁龙爱丽舍	0
013004	斯柯达昕锐	0
013002	朗境	1
012996	途观	-1
012995	大众	0
012990	凌渡	-1
012980	斯柯达速派	1
012979	1系	0
012979	途安L	0
012977	途观	1
012974	东风风神	0
012974	A60	0
012973	本田思铂睿	0
012973	本田	0
012963	北京现代	1
012953	卫士	0
012953	路虎	0
012949	宝骏730	0
012949	宝骏	0
012949	宝骏560	0
012947	宝马	0
012942	雪铁龙c2	0
012940	奥迪80	1
012940	A4	1
012940	奥迪A4	0
012935	一汽吉林森雅S80	-1
012932	雪佛兰	0
012927	东风标致	1
012925	高尔夫	-1
012924	众泰	0
012916	速腾	0
012910	途观	0
012909	途观	1
012905	马自达	0
012901	玛莎拉蒂	-1
012900	威朗	0
012900	别克	1
012895	吉利	0
012895	帝豪GS	1
012895	博越	0
012886	朗逸	0
012883	标致	0
012877	沃尔沃	-1
012876	朗行	1
012872	沃尔沃S60	0
012872	V60 Polestar	0
012872	S90	0
012870	卡罗拉	0
012869	启程	1
012867	途安	0
012864	别克君越30H	0
012864	雪佛兰迈锐宝XL	0
012864	凯迪拉克CT6 PHEV	0
012864	君越	0
012863	朗逸	0
012863	上海大众	0
012862	宝马	-1
012861	桑塔纳Cross	0
012849	雪铁龙	0
012849	雪铁龙11CV	0
012848	沃尔沃	0
012848	大众	0
012848	福特	0
012845	PHIDEON辉昂	0
012845	桑塔纳	0
012845	上汽大众	1
012845	凌渡GTS	0
012841	途观	1
012840	LEXUS	0
012840	雷克萨斯	0
012839	本田	0
012837	朗逸	-1
012830	轩逸	1
012829	明锐	1
012826	昕动	1
012821	爱丽舍	0
012821	昕锐	0
012819	途安L	0
012818	大众高尔夫	-1
012815	途观	-1
012814	朗行	1
012813	X6	0
012813	X3	0
012813	宝马	0
012813	X5	0
012808	斯柯达	0
012805	Polo	0
012802	三菱	0
012802	XM Concept	0
012800	爱丽舍	1
012793	奇瑞捷豹路虎	0
012793	捷豹XFL	0
012789	长城	0
012789	长安	0
012785	嘉旅	0
012785	大众	0
012784	途安L	0
012783	帕萨特	0
012779	朗境	0
012775	东风雪铁龙世嘉	-1
012774	宝马	0
012768	夏朗	1
012764	东风标致2008	0
012762	朗逸	0
012756	迈腾	0
012756	帕萨特	0
012755	英菲尼迪Q50L	1
012755	东风	1
012755	东风英菲尼迪 Q50L	1
012755	悦动	1
012739	凯越	0
012738	嘉年华	0
012738	丰田致炫	1
012738	POLO	0
012738	致炫	1
012738	飞度	1
012738	本田飞度	1
012726	宝马	0
012722	致炫	0
012722	本田飞度	0
012722	GK5	0
012720	雪佛兰赛欧	0
012716	欧力威	-1
012716	长安	-1
012713	五菱宝骏	1
012711	东风标致206	-1
012709	长安	-1
012707	S5	1
012704	丰田塞纳	0
012703	红旗	0
012698	哈弗H7	0
012696	大众朗逸	1
012696	大众	1
012694	宝马	0
012686	铃木天语	-1
012685	晶锐	-1
012685	上海大众斯柯达	-1
012683	奥迪	0
012683	众泰	0
012680	RX5	1
012680	玛莎拉蒂	1
012677	大众	0
012677	帕萨特	0
012677	上海大众	0
012667	雷凌	0
012664	北京现代	0
012662	帕萨特	0
012659	雷凌	0
012658	福特	0
012658	雷诺	0
012657	吉利帝豪GS	0
012653	迈凯轮	0
012652	大众尚酷	-1
012642	英菲尼迪	0
012641	途观	1
012637	保时捷	0
012635	高尔夫7	0
012631	五菱之光	0
012622	凌渡	0
012620	索八	1
012618	rx5	0
012618	博越	0
012618	帝豪gs	0
012618	途观	0
012617	途安L	1
012610	远景SUV	0
012610	RAV4	1
012610	GX7	0
012606	大众途安L	0
012604	Yeti	0
012602	骐达	-1
012602	东风日产	-1
012597	Yeti	1
012591	凌渡	1
012590	QQ	0
012590	宝马	0
012590	X5	0
012587	明锐	-1
012579	哈弗	0
012579	哈弗H2	0
012575	CX-4	0
012575	马自达CX-5	0
012575	大众途观	0
012575	本田crv	0
012575	丰田rav4	0
012573	东风风神	0
012573	日产轩逸	0
012573	A60	0
012571	悦动	1
012567	大众辉腾	0
012562	斯柯达明锐	0
012560	东风日产	0
012550	马自达	0
012542	大众途观	0
012536	凌渡GTS	0
012535	昕锐	1
012535	斯柯达	1
012534	劲畅	0
012530	四皇	0
012530	劳斯莱斯	0
012530	宝沃	0
012530	阿斯顿·马丁	0
012530	沃尔沃	0
012530	宝马	0
012530	宾利	0
012527	凌渡	0
012527	上海大众	0
012526	伏尔加	1
012526	桑塔纳	0
012526	红旗	1
012526	捷达	0
012522	明锐	0
012520	Lamando凌渡	1
012519	福克斯	1
012518	萨博	0
012518	北汽	0
012512	PHIDEON辉昂	0
012512	大众	0
012508	斯柯达昕锐	0
012507	昂科拉	0
012507	别克	0
012505	途安L	1
012492	天籁	0
012492	路感	0
012492	蒙迪欧	1
012492	君威	1
012492	雅阁	1
012492	帕萨特	1
012492	雪铁龙C5	1
012488	标致	1
012485	威朗轿跑	0
012484	奥迪TT	0
012484	1系	0
012484	丰田	0
012484	阿特兹	0
012484	一汽马自达	0
012478	宝马	0
012472	索纳塔八	0
012472	朗逸	0
012472	C5	0
012460	凌渡	0
012458	上汽通用	0
012458	凯越	0
012456	途观	0
012444	长安之星	0
012440	英菲尼迪	1
012438	速派	0
012434	桑塔纳	0
012432	科鲁兹	0
012430	速派	1
012428	大众	0
012423	风骏6	0
012422	英朗	1
012421	途观	-1
012412	CT6	0
012412	CT6 PHEV	0
012412	凯迪拉克ATS-L	0
012410	迈腾	1
012409	途安L	0
012409	大众	0
012404	丰田卡罗拉	1
012403	明锐	1
012400	本田	1
012394	夏朗	1
012390	上汽大众途观	1
012390	途观	1
012389	雪佛兰创酷	-1
012388	荣威RX5	1
012385	凌渡GTS	0
012381	途观	0
012380	羚羊	0
012378	宝马	1
012376	途观	0
012374	现代	0
012374	斯柯达速派	0
012373	比亚迪	0
012368	奥迪	0
012367	斯柯达	0
012366	凌渡GTS	1
012363	明锐	0
012361	大迈X5	1
012361	三菱	1
012361	众泰	1
012361	途观	1
012356	奥迪	0
012355	北京奔驰	0
012355	E级	0
012352	东风标致308s	-1
012350	昕锐	0
012344	花冠	1
012344	丰田	1
012340	PHEV	0
012340	别克	0
012340	君越	0
012337	轩逸	0
012337	朗逸	0
012337	卡罗拉	0
012337	捷达	0
012336	别克	0
012333	雷克萨斯	0
012331	宝马S 1000 RR	0
012330	大众凌渡	0
012328	丰田	0
012325	辉腾	0
012325	大众	0
012325	帕萨特	0
012322	明锐	1
012320	小C	0
012317	途观	0
012307	逍客	0
012307	奇骏	0
012307	东风日产	0
012304	法拉利	-1
012292	长安欧力威	-1
012288	福克斯	1
012287	迈腾	1
012287	大众	1
012287	辉腾	1
012286	凯迪拉克PHEV	0
012285	大众	0
012279	朗行	0
012278	英菲尼迪ESQ	1
012264	迈腾	0
012264	雅致	1
012262	特斯拉Model S	0
012262	特斯拉	0
012258	东风标致408	-1
012251	雅阁	0
012251	迈腾	0
012251	本田雅阁	0
012251	天籁	0
012249	途观	1
012241	朗行	0
012236	雷诺	0
012236	日产	0
012235	宝来	0
012235	大众	0
012229	广汽本田冠道	0
012229	本田	0
012227	斯柯达速派	1
012225	福克斯	0
012224	高尔夫	0
012224	A6L	0
012224	捷达	0
012224	速腾	0
012224	Q3	0
012224	迈腾	0
012224	宝来	0
012224	Q5	0
012224	奥迪A4L	0
012223	昕动	1
012222	雪佛兰创酷	-1
012218	丰田赛纳	0
012212	长安马自达	1
012212	马自达	1
012211	夏朗	0
012208	速派	0
012207	吉利	0
012207	比亚迪	0
012207	江淮	0
012204	沃尔沃	0
012200	明锐	0
012200	高尔夫	0
012200	斯柯达	0
012200	奥迪	0
012200	大众	0
012200	A3	0
012198	吉利	-1
012191	雷凌	1
012191	卡罗拉	1
012190	法拉利	0
012187	高尔夫7	0
012183	途安L	1
012180	福美来	0
012180	伊兰特	0
012180	凯越	0
012179	沃尔沃	0
012178	马自达	1
012176	帕萨特	-1
012169	Kodiaq	0
012169	斯柯达	1
012168	长安福特	-1
012168	蒙迪欧	-1
012166	北汽幻速S3L	0
012152	斯柯达	0
012148	域虎	1
012144	奥迪50	1
012143	大众	1
012143	晶锐	1
012142	广汽传祺	0
012140	斯柯达速派	1
012129	天津一汽夏利	0
012128	桑塔纳	0
012128	桑塔纳2000	0
012127	比亚迪	0
012118	昌河铃木北斗星	-1
012117	宝马i3	0
012109	君越	0
012109	迈锐宝XL	0
012108	大众	-1
012108	帕萨特领驭	-1
012106	哈弗H6 Coupe	1
012106	哈弗	1
012103	法拉利	-1
012101	一汽大众	0
012094	地球梦	1
012094	飞度	1
012092	哈弗H7	0
012089	奇瑞捷豹路虎	0
012089	捷豹	0
012082	斯柯达明锐	0
012082	斯柯达	1
012081	福特FAB1	0
012079	大众	0
012076	大众	0
012076	途观	0
012075	秀尔	0
012073	雅阁	0
012071	爱信	0
012071	丰田	0
012069	昕动	1
012069	路感	1
012069	斯柯达	1
012068	盖世	1
012068	大众	1
012068	斯柯达	1
012067	大众T3 Transporter	0
012063	昕动	1
012055	奔驰	1
012055	奥迪	1
012055	宝马	1
012052	路虎	0
012048	保时捷	0
012048	Cayman	0
012045	长城	-1
012044	吉利	0
012044	博越	1
012042	CROSS	0
012042	途观	0
012040	斯柯达昕锐	0
012038	长安	0
012038	北汽	0
012036	GL	0
012036	一汽丰田	0
012036	威驰	0
012034	科沃兹	0
012034	科鲁兹	0
012034	福睿斯	0
012027	大众Polo	0
012024	速派	1
012017	rav4	-1
012017	xrv	-1
012017	本田	-1
012002	凌渡	1
012001	东风雪铁龙	-1
012001	雪铁龙C5	-1
011999	奥迪	1
011999	TFSI	1
011994	途观	0
011988	C5	0
011986	X8	1
011982	飞度	0
011982	本田	0
011978	蓝瑟	0
011976	途观	0
011973	别克昂科威	0
011973	途观	1
011970	迈腾	0
011970	君越	0
011970	帕萨特	0
011964	富康	1
011964	雪铁龙	1
011962	昕动	1
011961	Polo	0
011957	博越	1
011957	帝豪GS	1
011957	吉利博瑞	1
011953	凌渡GTS	1
011950	西雅特	0
011948	凯迪拉克PHEV	0
011946	长安悦翔V7	0
011946	长安	0
011942	途观	1
011940	桑塔纳	0
011928	吉利帝豪	0
011928	长安逸动	0
011925	北京现代朗动	0
011919	速派	1
011919	蒙迪欧	0
011906	长安	0
011906	讴歌	0
011900	速派	0
011898	大众辉昂	0
011896	朗逸	0
011884	帕萨特B8	0
011884	迈腾	0
011880	福特	0
011879	PHIDEON辉昂	0
011879	上汽大众	0
011878	广汽	0
011878	广汽传祺	0
011872	华晨宝马	0
011872	之诺60H	0
011864	雅力士	-1
011862	科鲁兹	0
011861	宝马	0
011855	Yeti	1
011843	速派	0
011840	速派	0
011840	斯柯达	0
011839	东风标致301	0
011837	GL	0
011837	丰田卡罗拉	0
011833	凯迪拉克	1
011831	奥迪	0
011831	TFSI	0
011831	奥迪A6L	0
011831	大众	0
011831	奥迪A4L	0
011830	凌渡	0
011827	英朗	0
011824	上汽大众凌渡	0
011822	凯美瑞	0
011822	丰田	0
011815	朗动	1
011812	标致	1
011812	3008	1
011809	长安马自达	0
011809	创驰蓝天	0
011809	马自达	0
011809	一汽马自达	0
011808	雷克萨斯	0
011801	雷凌	-1
011799	轩逸	1
011799	日产	1
011798	Yeti	0
011794	GL8	0
011794	别克	0
011790	朗动	1
011790	现代朗动	0
011787	G37	0
011780	大众polo	0
011779	GA8	0
011779	广汽传祺	0
011774	途观	1
011771	i30N	0
011769	斯柯达	0
011768	速派	1
011754	途观	1
011752	大众	0
011752	帕萨特	0
011749	晶锐	1
011748	北京绅宝	0
011748	北汽	0
011744	PHIDEON	1
011744	大众	1
011741	宝马	-1
011740	速派	0
011740	斯柯达速派	0
011739	明锐	0
011738	英朗	1
011735	晶锐	1
011735	斯柯达	1
011722	朗逸	0
011722	大众	0
011719	雪佛兰	-1
011719	迈锐宝	-1
011717	宝马	1
011706	桑塔纳Cross	1
011706	大众桑塔纳	1
011698	明锐	0
011697	途观	1
011694	大众POLO	1
011692	X8	0
011688	明锐	0
011683	大众途观	1
011682	途观	0
011679	SX6	0
011679	东风风行	0
011679	上汽通用五菱	0
011679	宝骏560	0
011673	大众凌渡	1
011664	广汽丰田凯美瑞	-1
011660	桑塔纳·浩纳	0
011660	Cross桑塔纳	0
011654	GS8	0
011654	广汽传祺	0
011654	传祺	0
011647	大众polo	0
011646	北汽新能源	0
011645	沃尔沃	0
011644	中华	1
011643	朗逸	0
011643	帕萨特	0
011643	上海大众	0
011642	朗动	1
011639	帕萨特	0
011631	上海大众	1
011622	大众	1
011619	宝马	0
011612	麦弗逊	1
011612	福特	1
011612	福克斯	1
011606	丰田RAV4	0
011606	丰田	0
011606	普拉多	0
011606	三菱帕杰罗	0
011606	牧马人	0
011605	昕动	1
011599	东风雪铁龙C3-XR	0
011599	东风标致2008	0
011597	桑塔纳	0
011597	法拉利	0
011590	郑州日产	-1
011585	途观	0
011582	明锐	1
011582	捷达2002CiX	0
011582	捷达	0
011580	斯柯达明锐	0
011578	东风标致	0
011577	凯迪拉克PHEV	0
011577	荣威	0
011577	比亚迪	0
011574	速派	1
011573	朗动	1
011572	东风日产	-1
011570	威朗	1
011570	别克	1
011570	君越	0
011557	北京现代悦纳	0
011554	雪佛兰	1
011554	迈锐宝XL	1
011551	速派	0
011546	保时捷	0
011546	路虎	0
011540	GS8	0
011540	广汽传祺GS8	0
011539	朗逸	0
011535	域虎	0
011532	凌渡	0
011522	比亚迪g5	-1
011519	途安L	0
011511	朗逸	0
011511	帕萨特	0
011510	飞度	0
011507	途观	0
011505	东风风神	-1
011502	大众	0
011502	GLI	0
011500	双龙爱腾	-1
011499	上海大众斯柯达	0
011496	速腾GLI	1
011495	凯迪拉克	0
011493	IS	1
011487	斯柯达昕锐	1
011485	朗 动	0
011485	科鲁 兹	0
011485	长安铃木启 悦	0
011485	朗 逸	0
011480	川汽野马	-1
011473	一汽丰田	0
011473	卡罗拉	0
011472	大众polo	0
011471	沃尔沃	0
011471	一汽-大众	0
011471	奥迪	0
011469	雅阁	0
011469	速派	0
011468	速派	1
011458	捷豹 F-PACE	0
011458	F-PACE	0
011458	Macan	0
011456	雪铁龙世嘉	-1
011453	速腾	0
011453	途观	-1
011452	上汽大众	0
011452	途安L	0
011452	途安	0
011451	北汽威旺S50	0
011449	斯柯达晶锐	1
011447	五菱	-1
011445	威朗	0
011443	大众	0
011441	途观	0
011441	宝马	0
011436	Yeti	0
011434	大众朗逸	-1
011434	大众	-1
011432	朗逸	-1
011431	帕萨特	0
011425	斯柯达	1
011421	帕萨特	0
011414	明锐	1
011412	CT6	0
011412	凯迪拉克	0
011407	轩逸	1
011399	POLO	0
011399	C2	0
011399	晶锐	0
011397	途安L	0
011394	别克昂科拉	1
011392	Yeti	0
011391	奔驰	1
011391	奥迪	1
011391	宝马	1
011390	速派	0
011389	北京奔驰E260L	0
011386	途观	1
011383	KX3	0
011383	东风悦达起亚	0
011380	比亚迪f3	1
011376	轩逸	0
011376	思域	1
011368	Yeti	1
011356	长安马自达	0
011353	大众	0
011351	标致	0
011351	3008	0
011350	Polo	0
011349	华泰	0
011347	浩纳	0
011347	桑塔纳	0
011344	GS8	0
011344	广汽传祺	0
011344	传祺	0
011342	地球梦	0
011342	东风本田竞瑞	0
011342	本田	0
011340	朗逸	1
011336	日产轩逸	0
011336	丰田卡罗拉	0
011331	途观	-1
011328	别克凯越	0
011322	途安	1
011321	上海大众朗逸	0
011321	上海大众	-1
011318	福特F650	0
011318	福特	0
011313	QQ613	-1
011312	途观	1
011311	大众途观	0
011311	宝马	0
011309	酷路泽	1
011299	别克	0
011296	途安L	1
011291	凯翼	0
011291	奇瑞	0
011288	迈腾	1
011287	飞度	0
011287	POLO	1
011285	别克英朗	1
011281	朗逸	0
011281	大众	0
011272	明锐	1
011269	雷克萨斯	0
011260	F0	1
011255	昂科威	0
011253	帕萨特	1
011250	昕动	0
011250	斯柯达	1
011249	Yeti	1
011244	速派	0
011236	英朗	0
011236	欧宝雅特	0
011233	夏利	-1
011229	凌渡GTS	1
011222	别克	0
011221	马自达全球	0
011221	马自达	0
011215	凌渡	0
011215	上海大众	0
011215	Lamando凌渡	0
011206	帕萨特	0
011205	CS75	1
011203	五菱宝骏	0
011201	陆风	0
011200	雪弗兰科鲁兹	0
011199	朗动	1
011198	奥迪	0
011198	福克斯	0
011190	北汽幻速	0
011190	现代起亚	1
011189	爱信	0
011189	大众途锐	0
011189	保时捷卡宴	0
011189	保时捷PanameraSHybrid	0
011188	一汽-大众	0
011188	现代	0
011181	明锐	0
011181	速腾	0
011181	高尔夫	0
011170	飞度	1
011165	索纳塔	1
011165	北京现代	1
011164	长安cs35	-1
011162	广汽丰田	0
011162	汉兰达	0
011161	上汽大众	0
011161	一汽-大众	0
011161	高尔夫	0
011161	大众	0
011161	辉昂	0
011155	宝马2系	0
011155	途安L	0
011154	福特	0
011154	福克斯	0
011153	夏利	0
011153	天津一汽夏利	0
011152	比亚迪	0
011152	上汽	0
011149	大众辉昂	0
011149	东风A9	0
011146	凯翼	0
011146	凯越	0
011140	宝马	0
011137	MG	-1
011132	凌渡	0
011125	高尔夫6	0
011125	途安L	0
011123	保时捷718 Cayman S	0
011116	斯柯达	0
011115	明锐	0
011115	速派	0
011115	斯柯达	1
011113	途安L	0
011113	途安	0
011112	途安L	0
011112	途安	0
011106	途观	0
011104	大众	0
011100	上汽大众	1
011100	POLO	1
011100	大众	1
011099	上汽通用	0
011099	凯越	0
011096	明锐	1
011090	H9	0
011090	路虎	0
011090	途乐	0
011087	途观	0
011086	途观	1
011076	翼虎	0
011076	马自达CX-5	1
011076	途观	0
011070	凌渡	0
011067	别克凯越	0
011066	奔腾B30	1
011060	朗逸	0
011060	科鲁兹	1
011059	宾利飞驰	0
011052	大众速腾	0
011052	一汽大众	0
011052	大众	0
011051	奥迪	1
011049	大众	1
011041	东风标致408	0
011035	大众	1
011034	凌渡280	0
011033	速派	1
011029	朗逸	-1
011029	小a	0
011028	明锐	0
011024	丰田Corolla	0
011022	奥迪A9	1
011018	凯美瑞	0
011018	迈腾	0
011018	雅阁	0
011018	天籁	1
011016	雷克萨斯	0
011015	凌渡	0
011014	途观	0
011013	哈弗蓝标H2	0
011004	奥迪	0
011004	桑塔纳	0
011004	捷达	0
010999	cla	0
010999	拉达	0
010999	斯柯达	0
010998	别克昂科威	0
010998	途观	0
010993	途观	1
010987	斯柯达	0
010987	上海大众	0
010981	明锐	1
010970	大众途安L	0
010969	速派	1
010968	凌渡	1
010962	明锐	0
010960	沃尔沃	0
010960	博越	0
010956	极光	1
010954	长安福特	-1
010953	速派	0
010953	斯柯达	0
010951	大众	0
010950	帕萨特	0
010945	大众凌渡	0
010943	凌渡	0
010940	明锐	0
010940	大众	0
010935	英朗	0
010935	别克	0
010935	科鲁兹	0
010930	高尔夫	1
010930	大众	1
010930	途观	1
010927	悦悦	0
010927	五菱乐驰	0
010927	比亚迪F０	0
010927	长安奔奔	0
010927	奇瑞QQ	0
010923	别克	0
010923	君越	0
010922	荣威RX5	1
010922	荣威	1
010922	朗逸	1
010921	甲壳虫	0
010921	大众	0
010917	东风雪铁龙世嘉	-1
010916	哈弗H6	1
010916	朗逸	0
010916	五菱宏光	1
010915	途观	1
010911	长安铃木	0
010909	凌渡GTS	0
010907	众泰z700	1
010905	途安L	1
010903	大众	0
010903	途观	0
010891	大众polo	0
010889	MINI	0
010889	宝马	0
010885	途观	1
010883	凌渡GTS	0
010882	宝骏310	0
010879	大众	1
010879	凌渡	1
010875	Polo	1
010875	大众	1
010871	金牛星	0
010868	标致	1
010868	东风标致	1
010868	东风标致4008	0
010864	途安L	1
010863	马丁	0
010863	DB7	0
010863	捷豹	0
010862	朗行	0
010860	途观	0
010858	桑塔纳	0
010857	凯美瑞	0
010854	宝来	0
010854	大众	0
010832	大众	1
010829	宝马	-1
010826	途安Ｌ	0
010822	奔驰	0
010821	凌渡	0
010818	奇瑞风云2	0
010808	大众凌渡	0
010806	爱丽舍	0
010801	奥迪	0
010789	卡罗拉	0
010783	奥迪Q2	0
010780	速派	0
010779	现代	0
010778	桑塔纳	0
010778	大众	0
010778	辉腾	0
010769	沃尔沃	0
010769	博瑞	0
010762	哈弗	0
010754	雪佛兰萨博班	1
010753	速派	1
010750	T200	1
010747	New Polo	0
010744	大众	0
010744	高6	0
010735	保时捷	0
010729	大众	0
010723	PHIDEON辉昂	0
010723	大众	0
010721	逍客	1
010721	三菱	1
010721	劲炫	1
010721	Yeti	1
010713	RX	1
010713	雷克萨斯NX	1
010708	昕动	1
010706	明锐	0
010704	凌渡	1
010702	大众	0
010702	江淮	0
010699	悦达起亚	0
010699	力帆	0
010696	斯柯达	1
010693	奥迪100	0
010693	大众	0
010685	凌渡GTS	0
010682	昕锐	0
010677	科鲁兹	0
010672	奥迪	0
010670	君威	0
010670	迈锐宝	0
010670	上汽通用	0
010669	途观	0
010667	速派	1
010665	广汽传祺GS8	0
010656	凯迪拉克PHEV	0
010653	上海大众斯柯达	0
010649	君威	0
010646	迈锐宝XL	0
010638	科鲁兹	0
010637	途安L	0
010630	大众速腾	-1
010627	迈腾	0
010627	速派	1
010624	大众	-1
010624	宝马	-1
010623	北京现代IX25	-1
010622	宝马	1
010619	英朗	0
010619	上汽通用别克	0
010612	广汽传祺	0
010603	本田飞度	0
010601	朗逸	0
010600	宝马321	0
010600	福特	0
010593	丰田皇冠	0
010593	BMW5系	0
010593	沃尔沃S60	0
010593	奔驰	0
010593	奥迪A6L	0
010591	铃木（凯泽西）	-1
010590	速腾	0
010590	明锐	0
010590	锐腾	0
010590	比速	0
010586	斯柯达晶锐	1
010586	晶锐	1
010585	途安L	0
010584	Tiguan	0
010584	大众	0
010584	途锐	0
010581	缤智	0
010581	本田	0
010581	冠道	0
010580	奥迪	0
010580	大众	0
010580	辉腾	0
010579	丰田	0
010568	上汽大众	0
010568	辉昂	0
010567	斯柯达明锐	-1
010564	蒙迪欧	0
010564	凌渡	0
010563	大众-朗逸	0
010562	东风标致2008	0
010561	polo	-1
010561	奥迪	-1
010561	大众	0
010561	皇冠	0
010560	起亚福瑞迪	-1
010559	昕动	0
010558	北京现代名图	0
010558	北京现代	0
010556	别克	-1
010556	凯越	-1
010547	宝马2系	1
010547	途安L	1
010541	昕动	0
010540	瑞风M3	0
010540	江淮	0
010538	奔驰	0
010538	奥迪	0
010538	凯迪拉克	0
010538	英菲尼迪	0
010538	宝马	0
010537	途观	1
010532	斯柯达	-1
010531	斯柯达	0
010525	北汽新能源	0
010525	长江EV	0
010524	明锐	0
010524	斯柯达	0
010524	大众	0
010524	上海大众斯柯达	0
010518	昕动	0
010512	凯越	0
010510	道奇Charger	1
010509	马自达CX-5	0
010509	途观	0
010509	翼虎	0
010506	Polo	0
010494	福特	0
010487	Yeti	0
010485	凯迪拉克CT6 PHEV	1
010484	宾利	0
010484	添越Mulliner	0
010477	北汽幻速	0
010477	凯翼	1
010477	比速	0
010477	斯威	0
010477	汉腾	0
010473	大众	1
010469	奥迪S3	0
010463	Yeti	0
010461	小四	0
010461	速腾	0
010461	君越	0
010456	速派	0
010454	绅宝	0
010454	斯柯达	0
010453	途安L	0
010452	大众	0
010449	北京E级奔驰	0
010448	凌渡	1
010439	大众	0
010434	途观	0
010433	尼桑	0
010431	GS8	0
010431	广汽传祺	0
010423	途安L	0
010420	Tiguan途观	1
010418	宝马5	0
010411	凯迪拉克CT6	0
010409	奔驰	0
010409	尼桑	0
010409	路虎	0
010409	丰田	0
010409	宝马	0
010409	雪佛兰	0
010409	别克	0
010409	大众	0
010409	福特	0
010404	Tiguan	0
010403	奥迪	1
010399	速派	1
010398	昕动	1
010395	科鲁兹	0
010389	速派	0
010385	明锐	1
010384	广汽传祺	0
010384	传祺GS8	0
010383	帕萨特	1
010380	C4L	0
010380	雪铁龙	0
010380	朗逸	0
010376	大众	0
010375	昕锐	0
010370	速派	1
010365	奔驰	0
010365	宝马3系	0
010365	捷恩斯G70	0
010365	C级	0
010365	现代	0
010365	A4	0
010365	奥迪	0
010362	奥迪	0
010360	别克	0
010360	凯越	0
010353	大众	0
010348	威朗轿跑	0
010346	凯越	1
010345	ix35	0
010345	现代	0
010338	奥迪	0
010331	上汽大众	0
010331	凌渡	0
010329	TFSI	0
010329	Tiguan	0
010329	大众	0
010329	奥迪A5	0
010321	奥迪	0
010321	福特	0
010310	甲壳虫	1
010298	雷克萨斯	0
010296	宝马	0
010292	东南DX7	1
010291	雪铁龙	0
010290	速派	0
010290	上汽大众斯柯达	0
010288	长安CS35	0
010286	昕动	1
010284	斯柯达速派	1
010281	英朗	1
010276	英朗自豪	1
010269	爱丽舍	0
010269	富康	1
010269	风云	0
010262	朗逸	0
010254	自由光	1
010254	昂科威	1
010254	途观	1
010253	CDX	0
010253	讴歌	0
010252	大众	-1
010251	卡罗拉	0
010250	兰博基尼Diablo	0
010248	大众	0
010244	大众	-1
010243	大众	0
010242	雪佛兰	0
010242	现代	0
010240	途观	0
010240	高尔夫	0
010240	大众	-1
010240	帕萨特	0
010240	Jetta	0
010222	朗逸	0
010219	朗境	0
010214	英朗	1
010214	朗逸	1
010214	卡罗拉	1
010213	桑塔纳	0
010210	昕动	1
010209	smart fortwo	0
010209	熊猫	0
010208	标致	0
010202	科鲁兹	-1
010182	奔驰cla	0
010182	林肯	1
010182	mkz	1
010179	凯越	0
010178	国光	0
010178	途观	0
010173	上汽大众	0
010173	斯柯达	0
010149	沃尔沃	0
010146	华晨中华V3	1
010145	凌渡	1
010142	吉利	1
010142	帝豪GS	1
010142	GX7	1
010134	奔驰迈巴赫	0
010132	凯越	1
010130	BRZ	1
010125	起亚Forte	0
010125	Forte	0
010123	神龙富康	0
010123	日产蓝鸟 U13	0
010123	西耶那	0
010123	别克	0
010123	吉利豪情	0
010118	宝马	0
010114	凯美瑞	1
010109	CT6	0
010109	凯迪拉克PHEV	0
010108	斯柯达Kodiaq	0
010098	北汽幻速S6	0
010093	别克凯越	0
010093	凯越	1
010089	大众朗行	0
010084	英菲尼迪	0
010084	QX50	0
010083	斯柯达晶锐	0
010079	朗行	0
010078	憾路者	0
010077	朗动	0
010076	GS8	1
010055	宝马740Le	0
010051	东风风度	1
010051	东风风度MX5	0
010046	福克斯	0
010042	大众	1
010042	途观	1
010038	大众途观	0
010038	途观	0
010035	凌渡	1
010034	江淮瑞风S3	-1
010026	GTi	0
010026	大众	0
010021	桑塔纳	0
010021	伊兰特	0
010021	捷达	0
010020	斯柯达晶锐	0
010019	上汽大众	0
010008	嘉年华	0
010008	起亚K2	-1
010008	POLO	1
010006	迈腾	1
010004	凯越	0
009992	伊兰特	0
009987	途观	1
009985	凌渡	1
009984	桑塔纳	0
009978	PHIDEON辉昂	1
009974	途观	1
009971	昕动	0
009971	丰田致炫	0
009969	大众	1
009968	小科	1
009968	雪佛兰	1
009967	途观	1
009964	途观	1
009964	X1	0
009963	途观	1
009961	帕萨特	1
009959	途锐	0
009957	速派	1
009953	明锐	1
009949	东风悦达起亚	0
009948	一汽大众	0
009946	红旗	1
009946	红旗CA770	1
009934	mini	0
009933	速腾	0
009932	迷你	1
009922	凯美瑞	1
009922	迈腾	0
009922	雅阁	1
009922	帕萨特	0
009922	天籁	1
009918	昕动	1
009918	A3	1
009912	林肯	0
009903	速派330	0
009903	速派	1
009903	斯柯达	1
009901	福特锐界	0
009901	广汽丰田	0
009901	汉兰达	0
009900	CROSS	0
009900	东风风神H30	0
009893	别克凯越	0
009890	别克君越	0
009886	东风标致	0
009880	Lamando	0
009879	荣威e550	0
009879	上汽	0
009879	荣威e950	0
009879	上汽新能源	1
009876	速腾	0
009876	一汽大众	0
009866	保时捷	0
009859	宝马	0
009857	大众	-1
009855	大众	0
009855	凌渡	0
009855	上海大众	0
009853	野马	0
009851	东风标致308	0
009850	别克君威	0
009849	瑞风s3	-1
009847	北京现代索纳塔	-1
009846	凯美瑞	0
009846	雅阁	1
009845	斯柯达	1
009844	东风标致4008	0
009843	Yeti	1
009839	速派	1
009832	大众	0
009831	大众帕萨特	0
009829	纳智捷	0
009828	帕萨特	0
009827	上汽	0
009827	荣威E50	0
009824	奔驰	0
009824	CT6	0
009824	奔驰E	0
009824	5系	0
009824	A6	0
009824	奥迪A6	0
009824	辉昂	0
009824	宝马	0
009824	奥迪	0
009824	宝马5系	0
009822	凯迪拉克	0
009822	ATS-L	0
009807	凌渡	0
009805	CS15	1
009805	CX70	1
009805	长安CS35	1
009805	长安	1
009792	凌渡GTS	0
009791	宏光S	1
009791	五菱	1
009790	XRV	0
009790	本田	0
009772	Yeti	1
009772	大众	1
009768	林肯	0
009764	昕动	0
009763	大众	0
009761	大众朗逸	0
009761	大众捷达	0
009761	别克英朗	0
009755	朗逸	1
009746	大众POLO	1
009746	大众	1
009741	英朗	0
009741	别克	0
009739	宝马	0
009737	雅阁锐	0
009730	途安L	1
009726	昕锐	0
009719	雅阁	0
009719	迈腾	0
009719	荣光	0
009719	帕萨特	0
009719	天籁	0
009717	路虎	0
009717	捷豹	0
009707	宝马2系	0
009707	途安L	1
009703	长安	0
009702	速派	1
009701	斯柯达明锐	0
009698	CR-V	0
009698	途安L	0
009694	毕加索	1
009691	明锐	0
009689	猎豹	1
009689	猎豹CS10	1
009687	Polo	0
009685	帕萨特	0
009684	途安L	1
009680	大众	0
009680	凌渡	0
009678	上汽通用凯越	0
009678	马6	0
009678	一汽马自达	0
009675	本田	0
009672	比亚迪唐	0
009672	唐	1
009669	高尔夫	0
009669	嘉年华	0
009669	POLO	0
009667	斯柯达昕动	1
009665	朗逸	0
009665	大众	0
009665	上海大众	0
009663	朗逸	1
009660	自由光	0
009660	途观	0
009658	帕萨特	1
009654	广汽传祺	0
009651	上海大众	0
009650	速派	1
009649	迈腾	0
009649	速派	0
009647	Polo	1
009647	名爵3	1
009647	大众	1
009643	途观	1
009639	大众迈腾	0
009639	帕萨特	0
009632	双龙	0
009630	PHIDEON辉昂	0
009630	大众	0
009628	途观	0
009625	大众	0
009624	A4	0
009624	奥迪	-1
009624	Q3	0
009623	迈腾	0
009623	速派	0
009623	帕萨特	0
009615	北京现代名图	-1
009611	大众	0
009610	3系	1
009607	吉利	1
009606	速派	1
009603	玛莎拉蒂GranTurismo MC Stradale	0
009602	迈腾	0
009602	速派	0
009600	3008	0
009600	东风标致4008	0
009599	帕萨特	0
009587	奔驰	1
009587	宝马	1
009581	东风雪铁龙C3-XR	0
009580	奔驰	0
009580	奥迪丰田	0
009580	法拉利	0
009580	路虎	0
009580	保时捷	0
009580	宝马	0
009580	宾利	0
009580	大众	0
009576	gs4	1
009576	比亚迪宋	1
009573	大众	0
009573	辉腾	0
009570	T70	0
009570	东风日产启辰	0
009570	启辰T70	0
009563	卡罗拉	0
009562	上汽大众	1
009562	途安L	1
009561	大众凌渡	0
009556	PHIDEON辉昂	0
009556	大众	0
009556	View	0
009544	东风风度MX5	0
009539	速腾	0
009538	速派	1
009537	比亚迪	0
009535	高尔夫4	0
009534	宝骏310	0
009521	凌渡280	0
009521	阿特兹	0
009521	凌渡	0
009517	凌渡GTS	1
009510	宝马	0
009509	秀尔	1
009482	大众	0
009478	3系	1
009478	5系	1
009473	奇瑞	1
009473	艾瑞泽7	1
009469	奔驰glk300	0
009466	途观	1
009465	高尔夫	0
009465	POLO	0
009459	Yeti	1
009458	捷豹	0
009456	玛莎	1
009453	速腾	0
009453	QQ	0
009452	大众	0
009452	途观	0
009448	R50X	0
009445	迈腾	0
009442	大众	0
009442	波斯米亚	-1
009441	雷凌	0
009439	昕动	-1
009434	ML	0
009434	宝马5系L	0
009427	GOLF R	0
009422	速派	0
009422	斯柯达	0
009417	上海大众斯柯达	0
009405	斯巴鲁傲虎	0
009405	奥迪	0
009405	奥迪A4	0
009404	东风雪铁龙C4L	-1
009400	大众	0
009392	宝马	0
009388	奥迪Sport	0
009384	朗行	0
009383	大众	-1
009379	别克凯越	1
009376	马自达6	1
009372	BMW	0
009372	宝马	0
009371	MG锐腾上汽集团	0
009367	凯越	1
009357	布加迪威航	0
009357	卡宴	0
009354	Tiguan途观	0
009353	C4L	1
009353	雪铁龙	0
009352	长安CS15	0
009352	江淮瑞风S3	0
009352	比亚迪元	0
009348	帕萨特	0
009338	迈腾	0
009338	帕萨特	0
009337	速派	1
009327	CX-4	1
009327	创驰蓝天	1
009327	马自达	1
009326	Polo	0
009322	帕萨特B8	0
009322	PQ46	0
009322	大众	0
009321	凌渡	1
009312	英朗	1
009312	艾瑞泽7	1
009309	途安L	1
009306	锋驭	1
009305	博越	0
009305	途观	0
009304	凌派	0
009302	桑塔纳	0
009301	雪佛兰Impala	0
009294	奔驰	1
009294	奥迪	1
009294	宝马	1
009292	Tiguan	0
009291	昕动	1
009291	斯柯达	1
009290	广汽丰田雷凌	0
009285	英朗	1
009285	大众	1
009284	起亚K5	0
009284	大众passt	0
009284	速派	0
009284	奔驰GLA	0
009284	福特蒙迪欧	0
009284	一汽迈腾	0
009284	现代索纳塔	0
009284	奥迪A4	0
009284	吉利博瑞	0
009284	别克君威	0
009279	瑞虎7	0
009278	帝豪	1
009278	捷达	0
009275	一汽吉林	0
009275	森雅S80	0
009270	速派	1
009263	GTI	0
009263	思铂睿	0
009257	途安L	1
009257	途安L3	1
009254	奔驰c200L	0
009250	朗逸	1
009249	东风悦达起亚KX3	1
009244	POLO	1
009244	大众	1
009243	帝豪GS	1
009242	宝马	0
009239	帕萨特	0
009232	宝马5系	0
009232	c7A6L	1
009231	奔驰	0
009231	奥迪丰田	0
009231	法拉利	0
009231	路虎	0
009231	保时捷	0
009231	宝马	0
009231	宾利	0
009231	大众	0
009229	宝来	0
009229	朗逸	0
009226	大众T3 Transporter	0
009224	K5	0
009224	索纳塔	0
009224	东风悦达起亚	0
009224	北京现代	0
009219	宝马	0
009216	斯柯达野帝	0
009216	迈腾	0
009216	帕萨特	0
009215	ES300H	0
009215	is250	0
009213	五菱宝骏	0
009210	大众	0
009205	马8	0
009198	K5	0
009198	BRZ	0
009194	北京现代ix35	-1
009193	凯迪拉克凯雷德	0
009189	丰田	0
009186	东风日产	0
009184	途观	0
009183	长安铃木维特拉	0
009180	一汽-大众	0
009178	凌渡	1
009178	上海大众	1
009178	Lamando凌渡	1
009175	迈腾	0
009172	奥迪	0
009171	速派	0
009166	雅阁	0
009166	迈腾	0
009166	天籁	0
009159	大众朗逸	0
009152	雪佛兰	0
009147	途观	0
009145	凌渡GTS	0
009144	途观	0
009142	长安福特福克斯	-1
009141	途观	0
009140	i NEXT	0
009140	BMW i	0
009140	i5	0
009140	i8	0
009140	宝马	0
009137	上汽通用	0
009137	凯越	0
009136	雪佛兰	0
009136	科鲁兹	0
009130	爱丽舍	0
009130	昕锐	0
009129	凯迪拉克凯雷德	1
009125	Polo	0
009124	Jeep自由光	1
009124	昂科威	1
009124	途观	1
009121	德国宝马	0
009119	福特E450	0
009118	马5	0
009118	马自达	0
009118	途安	0
009111	大众	1
009102	英朗	1
009101	斯柯达晶锐	0
009099	GL8	0
009099	别克	0
009099	君越	0
009098	三菱	0
009098	东南DX7	0
009094	凌渡	0
009079	凯越	0
009077	sx7	0
009076	路虎	0
009074	大众高尔夫7	0
009070	别克凯越	0
009066	途安L	0
009065	荣威E50	1
009061	桑塔纳	0
009059	桑塔纳	0
009057	奥迪50	0
009056	凯迪拉克	0
009051	途安L	1
009049	五菱之光	0
009045	雪铁龙	0
009045	C4	0
009042	奔驰S	0
009042	凯迪拉克LTS	0
009019	标致	1
009019	东风标致308	1
009012	雅阁	0
009012	保时捷911	0
009011	东风日产	0
009011	天籁	0
009009	S7	1
009009	秦	1
008998	大众 Cross Coupe GTE	0
008989	C级	0
008989	上海大众	0
008985	昂科威	-1
008984	大众	0
008978	大众	0
008978	速派	0
008976	桑塔纳	0
008976	捷达	0
008975	一汽-大众	0
008966	北汽M50F	0
008966	天津一汽骏派A70	0
008966	华晨X30	0
008966	奇瑞TIGGOTX	0
008966	上汽荣威eRX5	0
008965	英朗GT	0
008965	英朗	0
008964	东风标致	0
008963	X6	1
008963	X5	1
008963	陆巡	1
008963	Q7	1
008963	途锐	1
008962	本田	0
008961	速派	1
008958	迈腾	1
008951	爱丽舍	0
008950	沃尔沃	0
008940	大众凌渡	1
008939	速派	0
008939	斯柯达	0
008938	迈腾	-1
008935	奥迪	1
008935	奥迪A4	1
008933	smart fortwo	-1
008929	大众	0
008929	大众帕萨特	0
008929	帕萨特	0
008927	宝马	1
008927	途观	1
008927	福特	1
008920	途观	-1
008919	凌渡	1
008915	大众POLO	1
008915	大众	1
008915	POLO	1
008910	速派	0
008906	力帆迈威	0
008905	吉利	0
008905	帝豪GS	0
008905	博越	0
008897	POLO R WRC	0
008897	大众	0
008891	观致	1
008887	大众POLO	0
008885	奥迪	1
008885	大众	1
008885	宝马	1
008884	吉利	1
008883	大众辉昂	0
008882	起亚KX3	1
008881	沃尔沃	0
008880	普拉多	0
008875	A5	1
008875	奇瑞	0
008874	Tiguan	1
008874	大众	1
008873	上海大众途观	-1
008871	凌渡	0
008866	大众T-Cross	0
008865	途安L	1
008865	大众	1
008864	奔驰	-1
008859	迈腾	1
008858	汉兰达	0
008858	福特锐界	-1
008854	雪佛兰	0
008854	科沃兹	0
008854	迈锐宝XL	0
008851	明锐	1
008850	明锐	1
008846	本田	0
008844	E级	0
008844	梅赛德斯-奔驰	0
008834	速腾	0
008829	马自达	0
008822	福特	0
008821	帕萨特	1
008818	众泰云100	-1
008809	一汽	0
008809	一汽丰田	0
008808	金杯阁瑞斯丰田	0
008808	途睿欧	0
008808	别克GL8	0
008808	江淮瑞风M5	0
008806	凯迪拉克凯雷德	1
008803	LAVIDA朗逸	1
008795	途观	1
008791	CT6	0
008791	凯迪	0
008791	凯迪拉克CT6	0
008787	保时捷	0
008787	保时捷356A费迪南	0
008787	波尔舍	0
008786	奥迪	0
008785	昕动	-1
008785	飞度	1
008783	明锐	0
008783	速派	0
008777	奥迪	0
008776	广汽	0
008776	广汽传祺	0
008773	大众	1
008770	标致	0
008769	宝马	0
008767	朗境	1
008766	大众	0
008766	途观	0
008756	大众途观	1
008750	奥迪	0
008750	别克	1
008746	斯巴鲁翼豹	0
008737	奥迪	0
008737	大众	0
008727	凌渡	1
008723	野马	0
008723	Mustang	0
008723	福特	0
008720	地球梦	1
008720	广汽	1
008716	雷凌	0
008716	卡罗拉	1
008716	广汽	0
008715	科帕奇	-1
008711	斯柯达速派	1
008710	雪佛兰	0
008710	科沃兹	0
008695	尊荣	0
008695	帕萨特	0
008689	Octavia RS	1
008688	宝马	0
008679	雪佛兰	-1
008679	爱唯欧	-1
008677	凯越	0
008675	沃尔沃S80L	0
008670	北京现代索8	-1
008669	V50	0
008669	长安	0
008665	东风悦达起亚“K2”	0
008663	三菱	0
008663	EVO	0
008660	朗逸	1
008660	大众	1
008658	福特	0
008654	途观	0
008653	丰田	0
008652	英朗	0
008652	别克威朗	0
008650	斯柯达	0
008649	科帕奇	0
008647	奔驰	0
008647	奥迪	0
008647	宝马	0
008643	大众	0
008639	本田	0
008630	Q3	1
008629	威朗	0
008629	思域	0
008623	上汽大众	0
008621	东风标致408	-1
008618	斯柯达Yeti	1
008616	CC	0
008616	迈锐宝	0
008616	帕萨特	0
008615	起亚K2	0
008613	迈腾	1
008613	一汽	1
008612	别克	1
008607	索纳塔9	1
008607	帕萨特	0
008607	索纳塔8	1
008606	凌渡	0
008605	M4	0
008597	斯柯达晶锐	0
008596	大众	1
008590	野马	0
008590	i3	0
008587	菲亚特菲翔	1
008587	玛莎拉蒂	0
008585	大众	1
008579	启辰晨风	1
008578	昕动	0
008572	歌诗图	0
008572	锋范	0
008572	奥德赛	0
008572	国产雅阁	0
008572	飞度	0
008572	理念S1	0
008572	讴歌RL	0
008568	北京现代	-1
008564	瑞风S3	0
008564	江淮	0
008562	大众	0
008560	奥迪	0
008558	途观	1
008557	奔驰CLA	1
008557	玛驰	1
008557	思铂睿	1
008557	奥德赛	1
008555	JEEP	0
008555	奔驰	0
008555	自由光	0
008555	宝马	0
008548	凯美瑞	0
008548	帕萨特	0
008546	途安L	1
008546	大众	1
008545	大发	0
008545	日野	0
008545	雷克萨斯	0
008545	丰田	0
008541	五菱神光	1
008541	大众朗神	1
008541	哈佛神6	1
008539	福特	0
008531	速派	0
008524	大众	0
008524	途观	1
008522	RAV4	0
008514	明锐	1
008514	斯柯达	1
008509	大众	0
008507	速派	0
008507	斯柯达	0
008506	大众	0
008505	大众	1
008495	凌渡	1
008489	荣威E50	0
008488	轩逸	0
008488	卡罗拉	0
008487	英朗	1
008486	凌渡	0
008485	雪佛兰	0
008483	花冠	0
008483	丰田花冠	0
008475	速派	0
008475	迈腾	0
008474	北京现代	0
008471	雷凌	1
008463	君威	0
008463	帕萨特	0
008463	别克GL	0
008461	长城	1
008460	Yeti	1
008460	IS	1
008458	晶锐	1
008446	别克君威	1
008445	奇瑞捷豹路虎	0
008445	XFL	0
008444	Tiguan	0
008440	途观	0
008432	雅阁	0
008432	雅阁锐	0
008430	奥迪a4	0
008428	奔驰	0
008428	宝马	0
008421	斯柯达	1
008417	朗动	1
008412	DS 4S	0
008407	上海大众朗行	0
008405	Polo	0
008405	大众	1
008402	速派	0
008402	斯柯达	0
008399	迈腾	0
008389	帕萨特	0
008388	Polo	0
008380	北汽幻速S3L	0
008372	途观	0
008367	DS	0
008365	昂克赛拉	1
008365	思域	1
008364	长安	0
008363	昂科威	1
008363	途观	1
008363	翼虎	1
008361	英朗	1
008350	3系	0
008350	A4L	0
008348	CrossPolo	0
008343	卡罗拉	0
008343	领动	1
008335	东风风神A6O	-1
008334	林肯 MKX	1
008332	SUPERB速派	0
008332	斯柯达OCTAVIA COMBI明锐	0
008332	斯柯达	0
008322	马自达5	0
008322	马自达	0
008316	现代	1
008310	荣威	0
008307	北京现代名图	-1
008296	尼桑	1
008296	齐骏	1
008295	速派	0
008292	宾利欧陆GT	0
008292	奔驰S600	0
008292	劳斯莱斯幻影	0
008291	上海通用别克英朗	0
008290	YARiS L致炫	0
008290	丰田	0
008288	途观	1
008285	320风尚	0
008285	GT	0
008284	别克君越	0
008284	雪佛兰迈锐宝XL	0
008284	凯迪拉克CT6 PHEV	0
008282	速派	1
008276	奇瑞	1
008271	北斗星x5	-1
008266	哈弗	0
008266	长安	0
008265	斯柯达昕动	0
008259	一汽-大众	0
008258	朗逸	0
008256	途安L	1
008253	路虎	0
008251	斯巴鲁	0
008251	力狮	0
008251	BRZ	0
008251	森林人	0
008248	东风日产骊威	0
008248	CROSS	0
008239	PSA	0
008239	雷诺	1
008236	凌志	1
008236	C奔	1
008236	途观	1
008236	宝马3系	1
008236	宝马3	1
008234	上汽通用五菱	0
008234	宝骏310	0
008233	长安马自达	0
008233	马自达	1
008226	途观	1
008221	玛莎拉蒂	0
008214	迈腾	-1
008214	POLO	-1
008213	迈腾	0
008199	宝马X4	0
008199	梅赛德斯-奔驰GLC43 Coupe	0
008198	BMW320	0
008198	BMW	0
008194	菲亚特	0
008185	东风悦达起亚	0
008184	北京奔驰E260L	-1
008177	雪佛兰	-1
008176	途安L	0
008169	君威GS	0
008159	宝马	0
008157	晶锐	1
008157	斯柯达	1
008156	北京现代悦动	-1
008153	马自达	0
008150	昂克赛拉	0
008150	马自达3	0
008149	帝豪	0
008143	大众	1
008141	奔驰	0
008141	S90 T6	0
008141	日产	0
008141	讴歌NSX	0
008141	沃尔沃	0
008141	本田	0
008141	奔驰GLS 350	0
008141	飒凯	0
008140	长安CS95	0
008140	长安	0
008136	大众	-1
008135	铂锐	0
008135	克莱斯勒铂锐	0
008134	福特金牛座	0
008134	林肯	0
008128	北京现代IX35	0
008123	大众	0
008120	斯柯达明锐	0
008118	途观	0
008117	大众高尔夫 GTI	0
008116	斯柯达	0
008110	途安L	1
008106	东风标致308	0
008103	名图	-1
008103	领动	-1
008103	朗动	-1
008103	途胜	-1
008102	途安L	1
008099	5008	0
008099	东风标致	0
008096	晶锐	0
008094	英朗	0
008094	凯越	0
008093	迈腾	0
008093	君越	0
008093	帕萨特	0
008091	纳智捷优6	0
008086	奥迪	0
008086	A5/S5 Sportback	0
008085	哈弗H6	1
008085	长城	1
008081	福特	1
008080	迈锐宝XL	1
008079	福克斯	0
008072	迈腾	0
008072	骏马 2008	0
008072	一汽大众	0
008057	上汽大众	1
008056	考斯特	0
008056	别克	0
008056	斯柯达速派	0
008054	雷凌	0
008054	思域	0
008054	天籁	0
008052	途观	0
008048	别克凯越HRV	0
008046	宝马x3	-1
008042	捷恩斯G70	0
008042	现代捷恩斯	0
008041	大众	0
008038	雅阁	0
008038	思铂睿	0
008037	别克	1
008037	上海通用	0
008028	悦纳	0
008028	北京现代	0
008026	奔驰	1
008021	速派	0
008021	蒙迪欧	0
008021	博瑞	0
008021	k5	0
008021	索八	0
008021	迈锐宝	0
008021	东风标致	0
008017	地球梦	1
008017	创驰蓝天	1
008017	马自达	1
008017	本田	1
008016	大众	1
008015	帝豪	0
008013	Tiguan Sport	0
008011	神龙	0
008011	东风雪铁龙	0
008011	东风标致	0
008011	东风	0
008008	宝骏310	0
008006	昕动	0
008001	途安L	1
007989	别克	1
007989	昂科威	1
007979	朗逸	1
007979	大众	0
007969	明锐	0
007969	速派	0
007969	斯柯达	0
007968	斯柯达	0
007968	大众	0
007968	铃木启悦	0
007967	途安L	1
007964	别克凯越	0
007964	凯越	1
007962	桑塔纳	0
007961	途观	0
007959	大众	0
007955	奔驰	0
007955	A180	0
007955	A45 AMG	0
007955	梅赛德斯奔驰	0
007955	A260	0
007954	大众polo	0
007952	上汽大众	0
007938	昕动	0
007936	埃尔法	0
007936	丰田	0
007931	速腾	0
007931	6代高尔夫	0
007926	凌渡	0
007924	速派	1
007920	CDX	0
007920	思域	0
007920	本田	0
007919	途观	0
007914	凯迪拉克ATS-L	0
007907	速派	0
007907	上海大众斯柯达	0
007906	Lamando凌渡	1
007904	途观	1
007900	本田	0
007891	宝骏730	0
007891	五菱宏光S	0
007891	东风风行S500	0
007891	日产帅客	0
007888	大众	0
007879	斯柯达昊锐	-1
007872	大众辉昂	0
007871	大众	0
007871	大众Polo	0
007869	北京现代	0
007868	桑塔纳	0
007863	斯柯达明锐	0
007862	上汽大众	0
007862	大众	0
007852	大众	-1
007850	大众	0
007850	帕萨特	0
007849	东风风神	0
007849	东风雪铁龙	0
007849	东风标致	0
007844	沃尔沃	0
007838	明锐	0
007838	斯柯达	0
007835	大众	0
007826	明锐	1
007818	速派	0
007808	爱丽舍	1
007807	凌渡	1
007806	途观	0
007805	速腾	0
007804	雅阁	0
007802	MINI	-1
007796	桑塔纳	0
007796	捷达	0
007792	凯越	0
007786	高尔夫	0
007786	POLO	0
007786	大众	0
007783	PHIDEON辉昂	0
007783	大众	0
007781	奥迪	0
007779	大众POLO	0
007779	POLO	0
007777	斯柯达明锐	1
007777	斯柯达	1
007776	沃尔沃	0
007774	大众polo	0
007768	途观	0
007766	大众	0
007765	大众	0
007763	大众途观	1
007761	雪佛兰赛欧	-1
007759	东风日产	0
007758	昕动	0
007755	奥迪	0
007755	奥迪A4L	0
007753	一汽-大众	0
007752	路虎揽胜	0
007748	吉普	0
007748	桑塔纳	0
007743	斯柯达速派	1
007733	纳智捷锐3	0
007729	桑塔纳	0
007727	凯越	0
007723	别克	0
007722	奔驰AMG	1
007718	朗行	0
007718	朗逸	0
007716	途安L	1
007715	东风日产	0
007715	天籁	1
007705	迈腾	0
007705	奔驰C级	0
007704	凌渡GTS	0
007703	奔驰	0
007703	奥迪	0
007703	宝马	0
007703	梅赛德斯-奔驰	0
007701	大众	1
007689	奥迪	1
007674	君越	0
007674	迈腾	0
007674	帕萨特	0
007673	明锐	0
007673	朗逸	1
007670	速派	0
007668	汉兰达	1
007667	Polo	0
007667	上海大众	0
007666	昕动	0
007666	QQ	0
007665	速派	0
007655	朗逸	1
007652	三菱劲炫	0
007650	马自达	0
007650	DS	0
007642	明锐	1
007638	东风标致	1
007633	东风风度MX5	1
007630	大众波罗	0
007630	奥迪Q5	0
007625	保时捷	1
007625	BMW	0
007623	奔腾	0
007622	大众	0
007621	致炫	0
007621	丰田	0
007618	福特	0
007614	qx50	0
007614	glk	0
007614	英菲尼迪	0
007614	宝马	0
007614	q5	0
007613	大众	0
007601	长安	0
007598	起亚K5	1
007598	K5	1
007597	别克	0
007597	凯越	0
007589	Lamando凌渡	1
007585	途观	1
007583	比亚迪K6	0
007574	上汽大众	0
007572	威朗轿跑	0
007566	斯柯达明锐	1
007562	大众	0
007558	凌渡	0
007553	斯柯达Kodiaq	0
007553	Tiguan	0
007553	大众	0
007553	西雅特Ateca	0
007547	冠道	0
007547	昂科威	0
007547	汉兰达	0
007544	速派	0
007539	比亚迪	0
007531	荣威	0
007530	长安马自达	1
007530	长马	1
007529	途观	0
007525	大众	0
007525	途观	0
007525	途锐	0
007517	途安L	1
007516	大迈	1
007516	比亚迪	1
007516	途观	0
007515	雷凌	0
007515	卡罗拉	0
007513	马6	0
007513	GA3	1
007513	桑塔纳	0
007513	长城M4	0
007513	捷达	0
007505	逍客	0
007505	劲炫	-1
007505	广汽三菱	-1
007492	凌渡	0
007489	宝马mini	0
007478	晶锐	1
007477	雷凌	0
007477	朗逸	0
007477	丰田	0
007477	宝来	0
007477	卡罗拉	0
007477	大众	0
007473	华晨宝马	0
007473	BMW	0
007473	德国宝马	0
007462	途安L	1
007462	大众	1
007459	大众速腾	0
007459	大众	0
007454	大众	1
007450	大众	1
007450	途观	1
007446	福克斯	1
007436	福特	1
007431	昂科雷	1
007410	博越	0
007410	途观	0
007397	汉兰达	0
007385	凯迪拉克PHEV	0
007383	昕动	1
007382	Yeti	1
007380	瑞纳	1
007380	北京现代	1
007376	丰田普拉多	0
007372	丰田	0
007371	上海大众途观	-1
007368	斯柯达	0
007364	大众	1
007363	宝来	0
007358	沃尔沃XC60	-1
007357	宝马	0
007355	大众途观	0
007355	大众	0
007355	奥迪A5	0
007353	长安铃木	0
007353	维特拉	0
007352	明锐	1
007345	大众	1
007345	斯柯达	1
007341	mini	1
007337	朗逸	0
007337	上海大众	0
007326	宝马	0
007317	现代ix25	1
007316	昕动	1
007316	斯柯达	1
007312	RAV4荣放	0
007306	宝马316Li	0
007306	i3	0
007303	辉昂	0
007303	朗逸	0
007300	悦纳	0
007300	北京现代	0
007298	C3R	1
007295	宝马740Le	0
007291	沃尔沃	-1
007283	速腾	0
007283	菲翔	0
007279	悦纳	0
007279	瑞纳	0
007279	北京现代	0
007279	Verna	0
007275	逸动	0
007275	CS15	0
007275	长安	0
007275	吉利	0
007275	CS35	0
007275	悦翔V7	0
007275	长安睿骋	0
007273	大众	0
007273	凌渡GTS	1
007273	高尔夫GTI	0
007265	帕萨特	0
007262	五菱	0
007262	宝骏310	0
007260	凯越	0
007259	丰田	0
007259	夏利2000	0
007255	凌渡GTS	0
007253	胜达	0
007253	北京现代	0
007244	菲亚特克莱斯勒	0
007244	大切诺基SRT	0
007244	大切诺基	0
007244	牧马人	0
007240	特斯拉	0
007237	广汽传祺	1
007237	传祺GS8	1
007230	凌渡	0
007229	英朗	1
007229	君越	0
007229	君威	0
007229	别克	1
007228	捷豹路虎	0
007228	F-PACE	0
007227	Yeti	0
007226	途安L	0
007219	一汽-大众	0
007219	高尔夫	0
007212	宝斯通	1
007210	Polo	0
007201	路虎	0
007195	凌渡	1
007190	玛莎拉蒂	0
007188	速派	0
007187	一汽-大众	0
007187	速腾	1
007185	斯柯达昕动	1
007184	CRV	0
007184	途观	0
007184	翼虎	0
007170	途观	1
007166	玛莎拉蒂	0
007165	轩逸	0
007165	卡罗拉	0
007150	悦翔V7	1
007150	威驰	1
007150	瑞纳	1
007150	长安	1
007149	途安L	1
007147	昂克赛拉	0
007145	路虎极光	0
007145	陆风	0
007145	X7	0
007143	速派	1
007140	朗境	1
007140	大众	-1
007139	速派	0
007138	雪铁龙	0
007138	Cxperience	0
007135	桑塔纳	0
007130	日产	0
007130	宝马	0
007130	GT	0
007130	三菱	0
007130	大众	0
007130	EVO	0
007123	比亚迪	0
007121	斯柯达明锐	0
007118	途观	0
007118	昂科威	0
007098	标致	1
007097	雅阁	0
007097	蒙丢丢	0
007097	阿特兹	0
007095	一汽大众	0
007095	大众	0
007090	丰田凯美瑞	1
007090	轩逸	1
007090	蒙迪欧Ecoboost	1
007090	天籁	0
007089	小昂	0
007089	Q5	0
007086	途观	0
007084	大众朗逸	0
007084	宝来	1
007080	夏朗	1
007080	大众	1
007078	明锐	1
007074	斯柯达	0
007073	上汽大众	0
007073	凌度	0
007072	东风标致	0
007071	上汽大众	0
007071	朗逸	0
007069	凯越	0
007067	大众	0
007061	途观	1
007053	上海通用雪佛兰	-1
007053	科鲁兹	-1
007051	晶锐	0
007047	明锐	0
007040	本田XR-V	1
007039	长安CS15	0
007031	保时捷的PDK	0
007031	法拉利	0
007031	奔驰SLSAMG	0
007031	大众DQ200	0
007031	福特的Powershift	0
007031	大众DQ250	0
007031	日产GT-R	0
007031	宝马M3	0
007031	玛莎拉蒂	0
007031	法拉利458Italia	0
007030	明锐	1
007029	途观	0
007026	众泰朗悦	-1
007025	自由侠	0
007025	致悦	0
007025	酷威	0
007025	大捷龙	0
007025	自由光	0
007025	菲亚特菲翔	0
007025	牧马人	0
007025	广汽菲克	0
007025	克莱斯勒300C	0
007025	大切诺基	0
007020	一汽丰田	0
007020	皇冠	0
007016	速腾	1
007011	悦纳	1
007011	北京现代	1
007005	斯柯达明锐	1
007004	东风悦达起亚千里马	-1
007003	法拉利	0
007001	奔驰GLK	0
007001	保时捷718	0
006999	凌渡GTS	0
006993	速派	1
006993	斯柯达	1
006973	速派	1
006973	斯柯达	1
006969	江淮iEV6E	0
006969	江淮悦悦	0
006968	昂科威很	0
006968	昂科威	1
006964	长城	0
006963	朗逸	0
006955	北京新能源	0
006950	宝马	0
006949	途观	-1
006947	MINI	0
006941	宝马	1
006934	保时捷919 HYBRID	0
006933	途观	-1
006930	雪铁龙c3-xr	0
006930	翼博	0
006927	帕萨特	-1
006926	标致雪铁龙	0
006926	大众	0
006926	标致	0
006918	CROSS	0
006918	桑塔纳·浩纳	1
006917	奥迪	0
006916	奥迪	0
006916	高尔夫	0
006916	奥迪RS5	0
006916	R8	0
006916	RS6	0
006915	一虎	0
006915	途观	-1
006913	途观	0
006912	林肯	1
006906	比亚迪	-1
006900	雪佛兰	0
006900	科鲁兹	0
006898	奥迪	0
006898	大众	0
006895	桑塔纳	0
006883	东风日产	-1
006883	启辰	-1
006877	明锐	-1
006877	斯柯达	-1
006874	福美来	0
006874	别克君越	0
006874	伊兰特	0
006873	凌度GTS	0
006872	科鲁兹	1
006869	保时捷	0
006868	东风风神AX3	0
006868	东风风神	0
006868	东风	0
006864	DS 4S	0
006852	一汽-大众	0
006850	麦弗逊	0
006850	嘉年华	0
006850	起亚K2	0
006848	奥迪	0
006848	阿斯顿马丁	0
006848	宝马	0
006846	Polo GTI	1
006844	长安福特翼博	-1
006840	途观	0
006830	启辰晨风	1
006830	日产	1
006828	Superb	0
006828	速派	0
006828	斯柯达	0
006826	e300	0
006826	a6	0
006810	吉利	0
006810	吉利帝豪GS	0
006809	奥迪A8	0
006809	ML	0
006809	奥迪Q7	0
006809	大众	0
006809	奥迪A4L	0
006807	斯柯达	0
006805	大切	-1
006805	QX80	0
006805	发现4	0
006805	帕杰罗	-1
006805	途乐	-1
006805	牧马人	-1
006805	撼路者	-1
006805	三菱	-1
006805	奔驰G	-1
006805	巡洋舰	0
006802	桑塔纳	0
006799	大众	0
006799	帕萨特	0
006796	福克斯	1
006788	凌渡	0
006786	凌渡	1
006783	斯柯达Yeti	1
006777	华晨宝马525	0
006776	C2	1
006772	马自达	0
006770	华晨鑫源	0
006770	华晨中华	1
006764	东风	1
006764	长安	0
006764	日产	1
006762	凌渡	0
006759	RS1	0
006759	福特嘉年华ST	0
006759	Polo	0
006759	大众	0
006758	马自达RX-8	-1
006758	马自达6	-1
006758	马自达	-1
006758	马自达8	-1
006756	北汽幻速	0
006756	比速	0
006755	三菱	1
006753	雪佛兰	0
006753	别克	0
006753	迈锐宝	0
006743	途观	1
006737	斯柯达	1
006733	大众	0
006732	速派	1
006732	passat	1
006729	Tiguan	1
006728	昕动	1
006726	北京现代	0
006725	长安马自达	0
006724	东风本田竞瑞	0
006724	Concept B	0
006724	本田	0
006723	郎境	0
006718	朗逸	0
006716	奔驰	0
006716	宝马5系	0
006716	捷豹	0
006716	E级	0
006716	奥迪A6	0
006708	大众朗逸	1
006707	途安L	0
006706	斯柯达	0
006703	君越	0
006703	别克	0
006703	雪佛兰迈锐宝XL	0
006703	上汽通用	0
006703	丰田	0
006699	马自达韩泰	0
006698	大众辉昂	0
006691	桑塔纳	0
006680	C2	-1
006679	速派	1
006679	斯柯达	0
006674	吉利	0
006659	罗孚75	0
006659	荣威750	0
006658	凯迪拉克	0
006658	林肯	0
006658	雷克萨斯	0
006658	沃尔沃	0
006658	英菲尼迪	0
006658	捷豹	0
006654	轩逸	1
006653	Golf	0
006653	Polo GTi	0
006649	6代高尔夫	0
006646	马自达	0
006642	卡罗拉	1
006642	丰田	1
006639	风2	1
006625	现代	0
006621	东南DX7-博朗	-1
006620	斯柯达SUPERB	0
006620	速派	0
006617	途观	1
006617	昂科威	1
006617	奥迪Q5	1
006617	汉兰达	1
006615	雪铁龙	1
006615	奇瑞艾瑞泽5	1
006613	长安沃尔沃S40	0
006611	大众	1
006610	威朗	0
006610	英朗	0
006610	别克	1
006610	凯越	0
006604	上海桑塔纳	0
006604	红旗	0
006604	宝马	0
006587	大众	0
006587	速派	0
006586	斯柯达Kodiaq	1
006586	斯柯达	1
006578	明锐	0
006578	逸致	0
006578	斯柯达	0
006558	斯柯达	0
006552	大众	0
006549	三菱	0
006549	帕杰罗	0
006549	蓝瑟Evolution	0
006547	现代	1
006547	现代途胜	1
006543	帕萨特	0
006542	尊荣	0
006542	帕萨特	0
006541	上海大众捷达	0
006540	长安	0
006540	睿骋CC	0
006539	大众宝来	0
006539	帕萨特	0
006537	速派	0
006536	北汽新能源eu260	-1
006534	凌渡	1
006533	英菲尼迪	0
006519	桑塔纳	0
006518	一汽丰田	0
006517	朗逸	0
006515	别克君威GS	-1
006514	昕动	0
006512	途安L	1
006511	北京奔驰	0
006508	途观	0
006508	昂科威	0
006508	大众	1
006508	奥迪Q5	0
006508	汉兰达	0
006507	高尔夫	0
006500	标致雪铁龙	0
006498	明锐	0
006494	启辰R50	-1
006490	逸动	0
006490	CS15	0
006490	CS75	0
006490	长安	0
006490	CS35	0
006490	悦翔V7	0
006483	长安	1
006481	大众	1
006472	北京现代索纳塔八	-1
006470	途安L	1
006463	速派	1
006455	大众	1
006454	大众	0
006446	奥迪	0
006446	奥迪Q2	0
006446	大众Polo	0
006435	308S	0
006433	嘉年华	0
006433	起亚K2	1
006433	POLO	0
006431	吉利帝豪	0
006431	哈弗	0
006431	传祺	0
006427	卡罗拉	1
006415	雷诺卡缤	0
006409	BMW 7	0
006404	斯柯达昕锐	0
006401	路虎	-1
006395	polo	0
006395	大众	0
006393	T-Cross	0
006393	大众	0
006392	途安L	1
006390	速派	1
006390	斯柯达	1
006388	凌渡	1
006386	途观	1
006385	北京现代	0
006379	桑塔纳	0
006379	福睿斯	0
006379	科沃兹	0
006379	科鲁兹	0
006378	途观	0
006377	长安	0
006375	一汽-大众	0
006364	英朗	1
006364	君威	1
006364	别克	0
006364	欧宝	0
006363	奥迪	0
006360	大众	0
006359	福特途睿欧	0
006357	Yeti	1
006356	上汽大众	0
006356	途观	0
006353	帕杰罗	1
006349	速派	0
006348	老四眼	0
006348	POLO	1
006348	凯越	1
006347	V2	1
006346	速派	1
006340	道达V8	0
006340	丰田埃尔法	0
006340	北汽	0
006339	途安	0
006337	POLO	1
006337	起亚K2	1
006334	福特	0
006334	福克斯	0
006334	福睿斯	0
006329	朗行	1
006329	大众	1
006325	帕萨特	0
006321	速派	1
006316	途观	1
006315	麦弗逊	0
006315	宝骏310	0
006312	福特蒙迪欧	0
006312	大众帕萨特	0
006310	众泰	1
006310	大迈X7	1
006310	大众	1
006309	广汽传祺GS4	-1
006307	朗逸	1
006307	大众	1
006306	上海大众斯柯达	0
006305	辉昂	0
006305	帕萨特	0
006298	CH125 Spacy	0
006298	本田	0
006297	桑塔纳	1
006297	一汽大众	1
006297	捷达	1
006297	朗逸	1
006297	上汽大众	1
006297	大众	1
006292	致胜	1
006292	福特	1
006290	Polo	0
006288	凌渡	1
006282	长安星光4500	0
006281	野帝	0
006279	迈腾	0
006269	斯柯达	0
006268	东风悦达起亚	0
006268	K2	0
006265	奔腾	0
006265	众泰	0
006265	桑塔纳	1
006265	宝骏	0
006265	传其	0
006265	启辰	0
006265	比亚迪	0
006265	长城	0
006265	长安	0
006265	吉利	0
006265	北汽	0
006265	奇瑞	0
006264	凯迪拉克CT6 PHEV	0
006263	大众	1
006263	晶锐	1
006260	凯越	0
006250	福特	0
006245	凯美瑞	0
006244	本田CRV	0
006242	G63 AMG	1
006241	奥迪	0
006240	凌渡	0
006234	途安L	1
006232	Tiguan	0
006231	锐腾	0
006231	北京现代ix35	0
006229	保时捷911	1
006229	BWM135	0
006228	Yeti	1
006225	凯越	1
006224	大众	0
006223	Passat	0
006219	POLO	1
006219	上海大众POLO	0
006215	帕萨特	0
006215	迈腾	0
006209	众泰	0
006209	凯迪拉克	0
006209	雷克萨斯	0
006209	吉利	0
006209	英菲尼迪	0
006209	玛莎拉蒂	0
006208	奇骏	0
006208	大众POLO	0
006208	大众	0
006207	奥迪	-1
006207	克莱斯勒300C	0
006206	风骏	-1
006205	沃尔沃S40	0
006196	大众	1
006196	途安	1
006195	宝马	0
006183	帕萨特	0
006179	铃木	-1
006176	凯美瑞	0
006166	迈腾	0
006162	大众	0
006161	速派	0
006152	大众	0
006149	东风悦达起亚	1
006149	北京现代	1
006146	Cross Polo	1
006145	途安L	1
006140	福特	0
006139	上汽大众	1
006139	途观	1
006137	英朗GT	0
006137	英朗	0
006131	大众	1
006128	双龙	0
006128	北京现代	0
006127	飞度	0
006127	奥德赛	0
006127	广汽本田	0
006127	雅阁	0
006127	本田	0
006124	途观	1
006121	桑塔纳	0
006118	斯柯达速派	0
006111	速派	1
006108	BMW	0
006107	昕动	1
006103	桑塔纳	0
006100	标志408	0
006094	别克昂科威	0
006076	轩逸	1
006075	杰德	0
006075	思域	0
006074	野马	0
006073	速派	1
006072	奥迪	1
006072	C5	0
006072	奥迪A6	0
006059	汉兰达	0
006054	大众	0
006051	速派	1
006048	保时捷凯宴	0
006043	东风风神	0
006043	A60	0
006039	A3 Sportback	1
006034	NSX	0
006034	讴歌	0
006029	上汽大众	0
006029	凌渡GTS	0
006025	现代索八	-1
006024	大众	0
006024	别克	0
006024	丰田	0
006024	本田	0
006024	斯柯达	0
006023	途安L	1
006022	斯柯达Yeti	1
006018	明锐	0
006016	东风雪铁龙爱丽舍	-1
006013	帕萨特	-1
006013	上海大众	-1
006007	桑塔纳	0
006006	保时捷	0
006006	路虎	0
006003	东风	0
006003	北京现代	0
005998	众泰大迈X5	-1
005993	普力马	0
005979	东风标致301	0
005970	福特	0
005969	东风雪铁龙	-1
005969	世嘉	-1
005968	萨博	0
005964	宝马	0
005964	i3	0
005963	LX570	1
005963	雷克萨斯	1
005962	大众	1
005943	雷凌	0
005943	英朗	0
005943	福睿斯	0
005941	哈弗H6	0
005941	哈弗	0
005939	北汽幻速	0
005936	大众辉昂	0
005932	桑塔纳	0
005928	途观	0
005926	本田	0
005926	丰田	-1
005920	速派	1
005918	明锐	0
005915	爱信	0
005915	丰田	0
005909	瑞纳	0
005907	途安L	0
005901	POLO GTI	0
005901	大众	0
005901	POLO	0
005899	帕萨特	0
005894	朗逸	0
005893	本田	1
005891	长城	1
005888	吉利帝豪EC7	1
005884	帕萨特	0
005884	宝马	0
005878	途安	0
005875	途安L	1
005874	朗逸	0
005869	saab绅宝	0
005866	本田	0
005866	丰田	0
005863	途安L	0
005862	布加迪EBl6	1
005859	RAV4荣放	1
005857	上海大众朗逸	0
005854	大众polo	0
005853	吉利	0
005853	帝豪	0
005853	吉利帝豪GS	0
005849	途观	0
005847	名爵	1
005847	荣威	1
005845	昕锐	0
005845	斯柯达	0
005837	东南DX7	-1
005835	速派	1
005827	宝马	0
005820	途安L	1
005817	凌渡	1
005812	迈腾	0
005811	途观	0
005811	上海大众	0
005799	斯柯达速派	1
005798	GS8	0
005782	途观	1
005780	大众途安	1
005769	GL8	0
005755	吉利	1
005754	大众	0
005749	宝马2系	0
005749	途安L	0
005749	宝马	1
005737	哈弗	0
005731	凌渡	1
005727	辉腾	1
005727	大众	1
005727	帕萨特	1
005722	大众	1
005720	晶锐	0
005718	大众	1
005714	途观	1
005704	上海大众帕萨特	0
005702	奥迪	0
005700	凯迪拉克	0
005696	大众	0
005693	速派	1
005691	北汽幻速	0
005682	丰田	0
005678	凯迪拉克CT6 PHEV	0
005677	福特GT	0
005676	桑塔纳	0
005673	大奔	0
005673	斯柯达速派	1
005671	明锐	1
005670	昕动	1
005666	帕萨特	0
005661	大众途观	1
005661	大众	1
005660	途安L	1
005660	大众	1
005659	明锐	1
005654	途安L	0
005653	速派	0
005653	蒙迪欧	0
005653	阿特兹	0
005652	上汽大众	1
005652	途安L	1
005649	桑塔纳	1
005639	福克斯	0
005636	辉昂	0
005636	大众辉昂	0
005636	辉腾	0
005632	科鲁兹	1
005628	Tiguan Sport	0
005614	卡罗拉GL-i	0
005614	卡罗拉	1
005614	丰田	0
005613	途观	1
005605	大众凌渡	0
005604	别克	0
005604	昂科威	0
005604	途观	0
005604	翼虎	0
005601	大众凌渡	0
005599	上海大众途观	-1
005599	大众	-1
005598	斯柯达明锐	0
005598	大众	0
005598	斯柯达	1
005597	本田	0
005596	大众	0
005596	辉昂 PHIDEON	1
005595	速派	0
005595	蒙迪欧	0
005594	奥迪Q7	0
005594	奥迪Q8	0
005587	F-150	-1
005587	福特	-1
005584	C2	1
005580	昂克赛拉	1
005576	科鲁兹	0
005575	宝马	0
005573	沃尔沃	1
005573	博越	1
005570	速腾	0
005567	速腾	0
005567	威朗	1
005567	英朗GT	1
005567	别克	1
005567	比速	0
005564	桑塔纳	0
005564	夏利	0
005561	POLOGTI	1
005561	大众	1
005554	奔驰	1
005545	别克	0
005545	上海通用	0
005545	凯越	0
005541	英朗	0
005541	凯越	0
005538	迈腾	0
005535	奥迪	0
005534	雪佛兰	0
005534	科鲁兹	0
005533	速派	1
005527	宝马	0
005526	途观	0
005526	途锐	1
005524	途观	0
005513	奔驰	0
005513	辉昂	1
005513	宝马	0
005511	奔驰A级	0
005511	雪佛兰科鲁兹	0
005508	猎豹CS10	1
005507	途安L	0
005504	帝豪	0
005504	远景	1
005504	金刚	1
005493	凌渡	0
005484	Golf	0
005484	高尔夫	0
005484	大众	0
005477	麦弗逊	1
005477	途观	1
005476	帕萨特	0
005442	GS4	0
005440	速派	1
005438	晶锐	1
005431	轩逸	0
005429	轩逸	1
005429	朗逸	1
005428	Golf	0
005428	大众	0
005428	大众高尔夫	0
005427	明锐	1
005419	凌渡	0
005413	途安L	1
005407	一汽丰田	0
005407	得利	0
005407	皇冠	0
005399	Yeti	0
005397	大众Polo	0
005396	上海大众斯柯达明锐	-1
005396	上海大众斯柯达	-1
005388	哈弗H3	1
005388	猎豹的2030A	1
005388	猎豹	0
005388	长城	0
005388	帕杰罗	0
005388	帕萨特	0
005388	霸道	0
005388	哈弗	0
005387	福特翼博	0
005384	斯柯达	-1
005381	吉利	0
005381	速派	0
005381	海马	0
005369	大众	1
005369	PoloGTI	1
005367	上汽大众	1
005367	上汽	1
005366	大众	1
005364	朗逸	-1
005363	昕动	1
005359	路虎	0
005356	速派	1
005347	高尔夫	0
005346	宝马	0
005344	速派	0
005344	斯柯达	0
005338	凯美瑞	0
005338	迈腾	0
005338	雅阁	0
005338	帕萨特	0
005338	天籁	0
005335	斯柯达Kodiaq	0
005335	斯柯达	0
005330	秦	1
005330	比亚迪秦	1
005326	迈腾	0
005324	ES	1
005324	雪铁龙	1
005324	雪铁龙C3-XR	1
005324	C3-XR	1
005321	昕动	1
005319	西雅特欧悦搏	0
005319	西雅特	0
005319	夏朗	0
005319	欧悦搏	0
005319	大众	0
005317	吉普	0
005314	比亚迪M6	0
005314	途观	0
005314	翼虎	0
005301	北京现代	0
005298	北京现代索纳塔8	-1
005285	广汽本田	0
005285	广本	0
005282	速派	0
005281	5系	1
005281	凯迪拉克XTS	1
005281	A4	1
005281	X3	1
005281	指南者	1
005281	Q5	1
005281	雷克萨斯ES200	1
005280	大众	0
005280	凌渡	0
005278	速派	1
005278	C5	0
005275	奔驰	0
005275	朗逸	0
005275	卡宴	0
005271	晶锐	1
005269	大众凌渡	0
005263	上海通用别克	-1
005261	斯柯达昕动	0
005261	桑塔纳浩纳	0
005261	竞瑞	0
005261	本田竞瑞	0
005261	本田	0
005255	别克	0
005255	别克凯越	0
005253	玛莎拉蒂	0
005253	法拉利	0
005247	马自达CX-5	0
005247	马自达	0
005246	上汽大众	0
005246	吉利	0
005246	朗逸	0
005246	上汽大众朗逸	0
005245	探险者	1
005241	东风标致	-1
005237	速派	0
005234	标致	0
005232	迈腾	0
005230	上汽大众	0
005230	途安L	0
005230	上汽	0
005226	东风风神	-1
005221	朗逸	0
005221	大众	0
005220	昕动	0
005220	斯柯达	0
005214	大众	0
005207	BMW i	0
005207	宝马	0
005204	宝马	-1
005203	迈腾	0
005203	大众	0
005203	帕萨特	0
005203	斯柯达	1
005201	途观	1
005196	三菱帕杰罗	0
005196	猎豹黑金刚	0
005196	猎豹	0
005194	奇瑞拉	0
005193	途观	0
005192	速派	0
005189	凌渡	0
005188	福特翼虎	0
005187	秀尔	0
005186	长安	1
005186	长安CS35	0
005186	长安CS75	0
005184	速派	1
005183	福克斯	1
005180	长安	-1
005180	奔奔	-1
005176	Polo	1
005175	奇骏	0
005171	福克斯	1
005168	昕动	0
005164	Tiguan	0
005164	途观	0
005163	众泰Z700	1
005159	Polo	0
005159	A3	0
005148	捷豹	0
005147	宝马	0
005142	凯美瑞	0
005142	K5	0
005142	雅阁	0
005142	天籁	0
005130	沃尔沃	-1
005130	S60L	-1
005121	凌渡	0
005115	林肯	0
005113	凯迪拉克凯雷德	0
005113	雪佛兰萨博班	0
005112	别克	0
005111	大众	0
005109	Polo	1
005102	北汽新能源	0
005095	大众	-1
005093	途观	1
005091	雪佛兰萨博班	1
005078	速派	1
005065	斯巴鲁	0
005065	傲虎	0
005065	特斯拉	0
005065	森林人	0
005063	大众	0
005051	大众	0
005051	奥迪	0
005051	阿尔法·罗密欧	0
005051	克莱斯勒	0
005051	菲亚特	0
005044	本田	0
005041	君越	1
005039	大众	0
005039	嘉年华	0
005039	朗逸	0
005039	速腾	0
005039	福特福睿斯	0
005039	福克斯	0
005039	福特	0
005037	奥迪	1
005034	奥迪	0
005034	RSQ	0
005027	长安福特	0
005027	蒙迪欧	0
005025	爱丽舍	1
005024	凯迪拉克CT6 PHEV	-1
005019	科鲁兹	0
005011	昕动	1
005005	艾七	1
005004	大众	0
005000	速腾	1
004998	DS 4S	0
004997	X6	-1
004995	昕动	0
004994	途观	1
004988	英朗	0
004988	别克	0
004988	凯越	0
004986	途安L	0
004984	雅阁	0
004984	速派	0
004982	丰田	0
004978	cdx	1
004978	长安大众	-1
004978	q3	0
004977	途观	0
004975	双环	-1
004975	花冠	0
004975	F3	0
004975	X5	0
004971	雷凌	0
004971	卡罗拉	0
004971	速腾	1
004971	朗逸	1
004971	一汽丰田	1
004971	宝来	1
004971	大众	1
004968	途观	0
004964	途安L	1
004963	菲亚特	-1
004958	宝马	-1
004957	速腾	0
004955	创驰蓝天	0
004955	马自达	0
004948	别克凯越	0
004947	途观	1
004944	福克斯	1
004940	大众	0
004936	广汽丰田凯美瑞	0
004935	A7	0
004929	KODIAQ	0
004929	斯柯达	0
004928	帕萨特	0
004918	凌渡	0
004917	斯柯达	1
004916	斯柯达明锐	1
004916	上海大众	0
004913	逸致	1
004913	斯柯达明锐	1
004912	速派	0
004901	凌渡GTS	0
004899	沃尔沃XC60	0
004893	上汽大众	1
004893	POLO	1
004893	大众	1
004893	上海大众POLO	1
004886	本田	0
004881	宾利	0
004881	凯迪	0
004881	凯迪拉克	0
004879	凯越	1
004873	途观	1
004871	途观	0
004867	速腾	0
004867	桑塔纳	0
004867	大众	0
004866	大迈	0
004866	大众	0
004864	长安cs75	0
004863	奔驰	0
004863	日产	0
004863	保时捷	0
004863	沃尔沃	0
004863	宝马	0
004863	三菱	0
004860	现代	0
004855	途安L	0
004850	桑塔纳	1
004841	上汽大众	0
004841	桑塔纳（浩纳）	0
004841	桑塔纳	0
004841	桑塔纳（尚纳）	0
004841	桑塔纳Cross	0
004836	长安欧尚	0
004831	长安马自达	0
004828	速腾	1
004825	铃木	1
004825	SX4 S-Cross	1
004819	上汽大众	0
004819	辉昂	0
004819	大众	0
004818	悍马	0
004818	玛莎拉蒂	0
004817	凌渡	1
004816	明锐	1
004811	科鲁兹	0
004801	斯巴鲁森林人	-1
004790	GS8	0
004790	广汽传祺	0
004789	桑塔纳	0
004784	五菱小卡	0
004777	3008	1
004777	东风标致	1
004776	朗境	1
004772	晶锐	1
004766	斯巴鲁森林人	-1
004757	保时捷	0
004751	宝骏560	0
004751	比亚迪宋	0
004750	长安福特	-1
004750	福克斯	-1
004749	桑塔纳	0
004749	大众	0
004749	捷达	0
004746	桑塔纳	0
004742	3系	0
004742	5系	0
004740	明锐	0
004736	丰田	0
004735	昕锐	1
004733	奔驰	0
004733	宝马	0
004732	上海大众斯柯达昕动	0
004731	东风标致308	0
004727	思铂睿	0
004723	速派	1
004715	凌渡	0
004714	启辰晨风	0
004708	大众	0
004706	别克君越	0
004704	速腾	0
004693	长安欧尚	1
004690	昂克赛拉	0
004690	英朗	0
004690	朗逸	0
004690	卡罗拉	0
004687	帕萨特	-1
004685	速派	0
004682	丰田皇冠	0
004682	锐志	1
004681	长安马自达	0
004681	马自达	0
004681	一汽马自达	0
004675	速派	0
004673	沃尔沃S60L	0
004673	奥迪A4L	0
004671	悦翔	1
004671	长安	1
004648	卡罗拉	0
004644	五菱	0
004642	斯柯达	1
004636	福克斯ST	0
004636	嘉年华	0
004636	蒙迪欧	0
004636	探险者	0
004636	翼搏	0
004636	翼虎	0
004636	Mustang	0
004636	福特金牛座	0
004636	野马	0
004636	锐界	0
004636	福特	0
004636	嘉年华ST	0
004636	福克斯	0
004636	福睿斯	0
004629	凌渡	1
004624	捷豹路虎	0
004624	路虎揽胜	0
004622	上汽大众	0
004622	凌度	0
004622	Lamando凌渡	0
004621	大众	0
004621	奥迪A6L e-tron	0
004618	凌渡	0
004615	A6	0
004615	宝马525	0
004614	别克	0
004609	朗逸	1
004605	北汽幻速S3L	0
004600	锐界	-1
004600	福特	-1
004595	凌渡	0
004591	高尔夫	1
004591	大众	0
004590	长安CS75	0
004582	迈腾	1
004582	一汽－大众	0
004580	雅阁	0
004579	东风日产	0
004575	迈腾b8	0
004573	高尔夫6	-1
004572	汉能	0
004570	标致	1
004567	mini	0
004566	大众	0
004566	斯柯达	0
004565	奥迪	0
004561	Polo	0
004559	东风标致	1
004557	斯柯达	0
004550	福特锐界	0
004550	GS8	0
004550	广汽传祺	0
004546	斯柯达明锐	0
004542	别克	1
004542	凯越	0
004541	广汽传祺	0
004541	广汽吉奥	0
004540	沃尔沃	0
004539	速派	1
004522	比亚迪	0
004520	特斯拉Model S	0
004520	特斯拉	0
004514	PHIDEON辉昂	0
004514	桑塔纳	0
004514	上汽大众	0
004514	凌渡GTS	0
004510	吉利	0
004510	帝豪GS	0
004505	大众	0
004502	奥迪	0
004501	速派	0
004501	斯柯达	0
004498	大众	1
004498	辉腾	0
004497	别克	0
004497	凯越	0
004496	雷凌	0
004495	保时捷 Macan	1
004490	迈腾	1
004489	途安L	1
004488	途安L	0
004474	途观	-1
004472	一汽-大众	0
004472	速腾R-Line	0
004471	斯柯达	0
004470	上汽大众	0
004470	途安L	0
004468	夏朗	0
004468	大众	0
004465	雅阁	0
004465	速派	1
004463	轩逸	0
004463	朗逸	1
004459	Yeti	0
004458	现代	0
004458	i30N	0
004451	奇瑞	0
004448	上海大众帕萨特	1
004448	一汽丰田凯美瑞	1
004448	一汽-大众迈腾	1
004443	速派	0
004437	大众凌渡	0
004436	北京现代	0
004433	明锐	0
004432	东风雪铁龙世嘉	-1
004423	凯美瑞	0
004422	速派	0
004418	马自达CX-5	0
004418	途观	0
004418	翼虎	0
004413	辉腾	0
004413	辉昂	0
004413	大众	0
004407	英朗	1
004407	君越	0
004398	本田	0
004392	哥瑞	1
004392	锋范	0
004392	飞度	1
004383	ZF	0
004383	帕萨特B5	0
004383	领驭	0
004383	奥迪A6	0
004376	明锐	1
004375	昕动	1
004374	奔弛	0
004374	桑塔纳	0
004369	别克高尔夫	0
004369	上汽通用别克	0
004367	普桑	0
004367	桑塔纳2000	0
004363	比亚迪	1
004359	宝马	0
004354	斯柯达	0
004347	普桑	0
004347	桑塔纳	0
004347	上海大众	0
004346	宝马	0
004344	明锐	0
004344	斯柯达	0
004340	福特途睿欧	1
004339	长安悦翔V7	0
004337	欧宝Corsa	-1
004337	别克英朗	-1
004333	凌渡	0
004333	天籁	1
004325	斯柯达晶锐	0
004323	迈腾	-1
004311	东风标致3008	1
004311	3008	1
004311	ix35	0
004307	别克凯越	1
004305	宝马	0
004303	锐志	-1
004303	汉兰达	-1
004302	瑞风	1
004299	途胜	0
004299	大众凌渡	1
004299	凌渡	0
004297	荣威e950	1
004292	CS75	0
004292	CS95	0
004287	迈腾	0
004287	东风日产	0
004287	天籁	0
004286	PHIDEON辉昂	0
004286	上汽大众	0
004286	大众	0
004286	辉腾	0
004282	大众途观	0
004275	长安悦翔V7	0
004274	帕萨特	-1
004273	宝骏560	0
004271	大众	1
004268	丰田汉兰达	0
004268	福特锐界	0
004267	东风标致301	0
004266	福特F150	0
004263	萨博	0
004263	X65	0
004263	D70	0
004263	D50	0
004263	D60	0
004261	大众Polo	0
004260	众泰T600	0
004258	兰博基尼	0
004255	玛莎拉蒂	0
004254	桑塔纳	0
004254	桑纳塔	0
004247	马自达	0
004244	昕动	0
004244	斯柯达	0
004237	东风标致308	0
004235	速腾	0
004233	英朗	1
004233	凯越	0
004229	途安L	0
004225	昕锐	1
004225	斯柯达	1
004224	本田	0
004223	桑塔纳	0
004223	比亚迪速锐	0
004220	大众	0
004215	高尔夫R	0
004213	宝马	0
004208	雨燕	1
004204	途观	0
004201	大众	0
004198	别克	0
004198	凯越	0
004192	本田	0
004187	长安标致雪铁龙	0
004187	DS 4S	0
004185	猎豹CS10	0
004184	东风雷诺科雷嘉	0
004183	浩纳	0
004183	桑塔纳浩纳	0
004182	大众朗逸	1
004182	现代朗动	1
004182	别克英朗	0
004181	帕萨特	0
004180	大众	0
004180	奥迪A6L e-tron	0
004179	上海通用	0
004179	凯越	0
004179	别克凯越	0
004178	保时捷	0
004178	路虎	0
004174	途安	1
004171	速派	1
004171	雪铁龙C5	0
004168	哈弗	1
004168	哈弗H2	1
004165	速派	0
004163	东风标致	0
004162	昊锐	0
004155	大众途观	0
004150	途观	0
004149	玛莎拉蒂	0
004142	途观	0
004139	大众	0
004136	高尔夫	0
004132	凌渡	0
004127	3系	1
004127	X1	0
004127	宝马	0
004127	5系	1
004124	东风本田	0
004121	宝来	0
004119	雅阁	0
004114	明锐	-1
004108	速派	0
004107	比亚迪m6	-1
004105	速派	0
004101	途安L	1
004099	速派	0
004098	昕动	0
004097	陆风Ｘ５	-1
004097	江铃陆风	-1
004093	麦弗逊	1
004093	速派	1
004090	大众	0
004090	速派	0
004072	斯柯达晶锐	0
004071	长安福特福克斯	-1
004067	野帝	0
004064	迈腾	0
004062	上汽大众	1
004060	派喜	0
004044	卡罗拉	1
004035	Polo	1
004035	GTI	1
004035	Polo GTI	1
004035	铃木维特拉	1
004034	布加迪	0
004027	大众	0
004027	帕萨特	0
004025	速腾	0
004025	高尔夫	0
004023	奥迪	0
004023	奥迪100	0
004021	五菱	-1
004018	捷豹 F-PACE	0
004015	晶锐	1
004012	圣达菲	-1
004012	现代	-1
004009	长安	0
004008	Yeti	0
004005	英朗	1
004005	艾瑞泽7	1
004004	迈腾	0
004004	PQ46	0
004004	速派	0
004004	新帕	0
004000	吉利	0
004000	北汽	0
003999	途观	0
003994	上海大众朗逸	0
003992	斯柯达Kodiaq	0
003988	凌渡GTS	0
003979	保时捷	1
003979	奥迪	1
003979	辉昂	0
003979	大众	1
003976	昕动	1
003976	麦弗逊	1
003974	Yeti	1
003972	途安L	0
003971	上汽大众	0
003971	途安L	0
003969	戴姆勒	0
003969	丰田	0
003968	北汽幻速	0
003967	polo	1
003966	奔驰-迈巴赫6	0
003966	迈巴赫Exelero	0
003965	桑塔纳	1
003964	上汽大众	0
003964	迈腾	0
003964	Tiguan	0
003964	途观	0
003960	上汽大众	0
003960	途安L	0
003959	雪铁龙	1
003958	朗逸	0
003952	大众	0
003952	速派	0
003942	大众凌渡	0
003941	沃尔沃	1
003940	斯柯达速派	1
003935	蒙迪欧	0
003935	速派	1
003934	朗逸	0
003934	科鲁兹	1
003926	上汽大众朗逸	0
003922	朗逸	0
003918	北京现代名图	0
003918	北京现代	0
003916	长安悦翔	0
003916	长安	0
003914	明锐	0
003914	上海大众斯柯达	0
003905	速腾	0
003900	雪铁龙C5	0
003900	速派	1
003896	小3	0
003893	菲翔	0
003893	英朗	1
003892	福特	0
003890	广汽传祺GS8	1
003888	CDX	0
003888	本田	0
003886	广汽菲克	0
003886	克莱斯勒	0
003886	菲亚特	0
003886	Jeep	0
003878	上汽大众Lamando凌渡	1
003874	奥迪	0
003874	TT	0
003864	途观	-1
003863	本田XR-V	0
003857	英朗	0
003857	速腾	0
003857	菲翔	0
003857	福克斯	0
003852	途观	0
003850	道奇Charger	0
003849	明锐	-1
003842	众泰	0
003840	嘉年华	-1
003840	福克斯	-1
003833	Jeep自由光	0
003833	昂科威	0
003833	途观	0
003828	大众	0
003827	帕萨特	0
003825	雪佛兰	0
003814	途观	1
003812	POLO	0
003812	大众	0
003808	途观	0
003805	奔驰	-1
003803	帕萨特	1
003797	速派	0
003788	哈弗	0
003783	昕锐	0
003778	凌渡	1
003770	荣威	0
003753	大众	1
003749	吉利	0
003749	吉利帝豪GS	0
003747	途观	1
003742	别克高尔夫	0
003742	别克	0
003742	上汽通用	0
003739	大众	0
003737	途安L	1
003736	东风风神	-1
003734	明锐	1
003722	Cross桑塔纳	0
003720	斯巴鲁傲虎	0
003718	东风日产天籁	-1
003717	Gran Lavida FL	0
003713	大众	1
003713	途观	1
003709	沃尔沃	0
003704	朗朗	1
003693	速腾	0
003693	一汽大众	0
003691	奥迪	0
003686	瑞麒x1	-1
003684	别克君威	0
003683	大众朗逸	1
003681	M5	-1
003681	M6	-1
003681	宝马	-1
003675	速派	0
003668	英朗	0
003668	科鲁兹	0
003664	大众凌渡	0
003663	大众	1
003663	上海大众	1
003662	明锐	0
003660	福特	0
003651	途安L	1
003649	明锐	0
003648	凯美瑞	1
003648	迈腾	1
003648	帕萨特	1
003639	途安L	1
003637	长安悦翔V7	0
003635	明锐	1
003631	众泰	0
003631	大众	0
003631	途观	0
003620	Q50	0
003620	英菲尼迪	0
003620	37豪运	0
003615	途安	0
003607	上海大众朗行	0
003607	大众朗行	0
003606	东风标致408	-1
003605	江铃	0
003605	福特	0
003599	昕动	1
003598	上汽荣威e950	0
003595	宝马	0
003594	凯美瑞	0
003594	一汽-大众	1
003594	帕萨特	1
003594	迈腾	0
003593	辉昂	0
003593	凯迪拉克CT6	0
003588	迈腾	0
003588	大众	0
003583	雪佛兰	0
003583	科鲁兹	0
003583	迈锐宝XL	0
003580	金牛座	0
003580	君越	0
003580	辉昂	0
003580	大众	0
003580	ML	0
003572	科鲁兹	0
003572	凯越	0
003569	奔驰	0
003569	奥迪A6L	0
003569	E级	0
003569	宝马5系Li	0
003569	宝马	0
003569	奥迪	0
003567	辉昂	1
003567	大众	0
003567	上海大众	0
003564	圣达菲	0
003562	Cross Polo	0
003561	斯柯达	0
003561	速派	0
003561	上海大众	0
003559	桑塔纳	0
003557	奔驰	0
003557	宝马	0
003554	上汽通用	1
003554	凯越	1
003550	迈腾	1
003548	奔驰 smart	0
003547	斯柯达Yeti	0
003537	科鲁兹	0
003537	凯越	0
003531	桑塔纳	0
003521	威朗	1
003519	比亚迪	0
003516	桑塔纳	0
003516	大众	0
003512	上汽大众	1
003512	途安	1
003511	途观	0
003509	威朗轿跑	0
003507	斯柯达	0
003505	途观	0
003504	福特	0
003502	长安	1
003499	本田艾力绅	0
003498	本田	1
003498	丰田	0
003492	高尔夫	0
003491	大众	0
003486	宝马	0
003484	北京现代悦动	0
003481	雪佛兰科沃兹	0
003480	上海大众	-1
003479	雪铁龙	0
003477	雪佛兰Suburban	0
003473	蓝标H2	0
003473	哈弗	1
003472	老马	0
003468	北汽幻速	0
003467	陆风	0
003465	奔驰	1
003465	GLA	0
003464	大众	0
003457	一汽丰田	0
003456	别克凯越	1
003453	君越	1
003453	马六	0
003451	长安铃木	1
003451	维特拉	1
003448	迈腾	0
003448	帕萨特	0
003447	陆风	0
003445	别克未来	0
003443	速派	1
003440	雅阁	0
003438	君越	1
003434	凌渡	0
003432	奔驰	0
003432	宝马	0
003424	速派	1
003419	速派	1
003419	斯柯达	1
003413	本田	0
003413	东风本田	0
003411	东风风度MX5	1
003409	朗境	0
003407	哈弗H2	0
003407	哈弗H7	0
003405	林肯	0
003398	帕萨特	0
003396	大众	0
003395	名图	1
003395	速派	1
003388	雅致	0
003388	宝马	0
003386	大众	0
003386	现代	0
003386	朗动	0
003383	Q5	-1
003374	大众	0
003374	凌渡GTS	0
003365	沃尔沃	1
003352	众泰	0
003352	奥迪Q5	0
003348	爱丽舍	1
003348	昕锐	1
003338	科鲁兹	0
003317	帕萨特	0
003312	桑塔纳MPV	0
003309	200T	-1
003309	雷克萨斯	-1
003306	凯美瑞	0
003306	广汽丰田	0
003305	迈腾	0
003305	小康	0
003302	凌渡	1
003300	明锐	0
003300	速腾	0
003298	保时捷	0
003298	C88	0
003292	讴歌	0
003289	本田	1
003287	现代	1
003287	朗动	0
003277	中华	0
003270	帕萨特	0
003267	速派	1
003267	斯柯达Yeti	1
003263	标致	0
003260	X5M	1
003260	宝马	1
003260	X5	1
003255	晶锐	-1
003254	本田	0
003253	CROOSS	1
003250	上海大众途观	-1
003240	途观	1
003232	TFSI	0
003232	T5	0
003232	XC60	0
003232	奥迪Q5	0
003232	奥迪	0
003232	沃尔沃XC60	0
003228	大众	0
003225	昕动	1
003221	速派	1
003221	蒙迪欧	0
003218	朗逸	-1
003218	朗动	0
003215	MINI	1
003215	MINICooper	0
003213	福克斯	1
003208	途观	1
003207	速派	0
003207	斯柯达	0
003202	沃尔沃S40	0
003201	众泰LP700	0
003197	长安福特	-1
003197	福克斯	-1
003193	桑塔纳	0
003192	志炫	1
003192	丰田	0
003190	大众	1
003189	速派	1
003187	长安铃木奥拓	0
003176	保时捷 Macan	0
003174	奔驰	1
003174	GLE	1
003174	X5	0
003168	五菱	0
003164	凌渡	0
003161	凌渡	1
003151	宝骏730	1
003151	长安欧诺	1
003151	五菱宏光	1
003145	明锐	1
003144	朗动	1
003141	长安马自达3	0
003140	哈弗H7	0
003136	凌渡	0
003130	轩逸	0
003128	途观	1
003119	别克	0
003119	君越30H	0
003107	威旺M30	0
003107	开瑞	0
003107	风光	0
003107	宏光	0
003107	风光	0
003106	奔驰三叉星徽	0
003105	奔腾	0
003105	X80	0
003103	途安L	0
003097	A3	0
003094	帝豪GS	1
003094	博越	1
003088	普瑞维亚	0
003088	阿尔法	0
003087	上汽	0
003087	比亚迪	0
003087	广汽	0
003087	长安	0
003087	江淮	0
003087	北汽	0
003085	1系	0
003085	明锐	0
003083	玛莎拉蒂	0
003071	昂科威	0
003071	翼虎	0
003069	晶锐	1
003068	福特F650	1
003065	大众	0
003054	明锐	1
003054	斯柯达	1
003053	标致	1
003053	东风标致4008	1
003051	五菱之光S	0
003048	路虎	0
003043	途安L	1
003034	北京现代	-1
003024	逍客	0
003024	科雷傲	0
003024	奇骏	0
003024	雷诺日产	0
003024	启辰T70	0
003021	Yeti	0
003021	斯柯达VisionS	0
003018	GA3	0
003018	C4L	0
003018	速腾	0
003018	英朗	0
003018	艾瑞泽	0
003018	宝来	0
003016	东风标致308	0
003013	斯柯达昕锐	1
003010	华泰	0
003007	捷达	0
003003	PSA	0
003003	久保田	0
003003	依维柯	0
003003	小松	0
003003	戴姆勒克莱斯勒	0
003003	康明斯	0
003003	大众	0
003003	福特	0
002993	凌渡	1
002988	比亚迪	1
002986	宝骏310	0
002982	桑塔纳	0
002982	大众	0
002980	Kombi	0
002980	甲壳虫	0
002980	大众	0
002974	凯迪拉克CT6	0
002974	TT	0
002972	神龙	0
002971	Corss Polo	0
002964	大众	0
002963	途观	0
002958	凌渡	0
002956	凌渡GTS	0
002956	凌渡	0
002949	沃尔沃	0
002948	秀尔	-1
002948	起亚	-1
002948	起亚秀尔	-1
002940	捷豹XFL	1
002940	捷豹	1
002936	上汽大众	-1
002936	桑塔纳	-1
002935	明锐	0
002935	菲翔	0
002928	大众	0
002927	斯柯达	0
002926	明锐	1
002925	奥迪RS7	0
002922	雷凌	0
002922	劲炫	1
002911	凯迪拉克PHEV	0
002905	比亚迪	0
002904	雪佛兰克尔维特Z06	0
002903	昕锐	0
002901	f0	0
002900	英朗	1
002899	奥迪	1
002899	奥迪TT	1
002895	MINI	1
002895	MINI COUNTRYMAN	1
002888	奥迪	1
002888	朗境	1
002885	昂科威	0
002885	途观	0
002881	别克凯越	1
002881	上汽通用	1
002880	轩逸	0
002876	途观	1
002874	朗逸	0
002874	朗行	0
002874	高尔夫	1
002865	启辰晨风	0
002862	奥迪	0
002860	宝马	0
002857	奥迪	1
002852	凌渡	0
002851	MINI	0
002847	雅阁	0
002847	广汽本田	0
002845	起亚智跑	1
002840	大众	0
002840	福特翼虎	0
002840	途观	0
002837	昂科威	0
002837	大众途观	0
002837	汉兰达	0
002836	Polo	1
002836	奥迪50	0
002830	速派	1
002830	斯柯达	1
002828	桑塔纳	1
002824	Yeti	1
002823	五菱	0
002823	小康	1
002822	江铃驭胜	0
002822	驭胜S350	0
002822	S350	0
002822	福特翼虎	0
002822	福特	0
002817	大众辉昂	1
002810	小马儿	0
002804	Polo GTI	1
002801	途观	0
002794	速派	0
002787	途观	-1
002784	明锐	0
002784	速腾	0
002783	PHIDEON辉昂	1
002783	大众	1
002782	迈腾	-1
002775	雅阁	0
002775	帕萨特	0
002768	风云	0
002768	凯越	0
002762	上海大众朗逸	0
002762	一汽丰田卡罗拉	0
002762	马自达6	0
002743	朗逸	0
002732	mini	0
002726	别克	1
002726	别克赛欧	0
002726	凯越	0
002719	胜达	1
002713	帕萨特	1
002705	众泰	0
002705	汉腾	0
002703	高尔夫	0
002703	大众	0
002703	途观	0
002698	斯柯达野帝	1
002696	北京现代瑞纳	-1
002695	东风风神	0
002695	东风	1
002695	A60	0
002694	奥迪A8L	1
002694	爱信	1
002694	X1	0
002694	宝马	0
002694	ZF	1
002693	飞度	0
002686	Cross Polo	0
002683	Cross Polo	1
002680	君越	0
002680	凯迪拉克CT6PHEV	0
002680	雪佛兰迈锐宝XL	0
002680	上汽通用	0
002676	东风标致2008	0
002673	速派	0
002666	思铂睿	0
002666	本田	1
002663	众泰	0
002660	明锐RS	0
002658	上汽大众	0
002658	锐界	0
002658	TERAMONT	0
002658	汉兰达	0
002658	福特探险者	0
002657	荣威	-1
002653	RAV4	-1
002649	上汽大众斯柯达Yeti	0
002639	丰田小面包 Townace	0
002639	桑塔纳 2000	0
002638	polo	0
002638	大众	0
002636	大众	0
002635	帕萨特	0
002633	福特蒙迪欧	0
002633	速派	1
002632	晶锐	0
002629	瑞麒	0
002629	现代	0
002625	别克	0
002625	凯越	0
002624	凌渡	0
002620	凌渡	0
002612	昕动	0
002608	Polo GTI	1
002606	宝马i8	0
002601	速派	1
002601	斯柯达	1
002600	上海通用别克	0
002598	菲亚特克莱斯勒	-1
002598	三菱	0
002598	克莱斯勒	-1
002596	朗行	1
002595	斯柯达晶锐	0
002587	克莱斯勒	0
002587	福特	0
002569	奥迪	0
002569	宝马	0
002569	X1	0
002567	速腾	0
002567	一汽大众	0
002563	桑塔纳	0
002561	丰田	0
002555	Yeti	1
002555	ix25	1
002554	北京现代领动	0
002546	雪佛兰	-1
002546	爱唯欧	-1
002545	一汽-大众	0
002541	途安L	1
002538	大众	0
002538	本田	0
002538	丰田	0
002535	菲亚特	0
002535	500X	0
002531	铃木	0
002529	凌渡	0
002525	凯迪拉克CT6 PHEV	0
002519	明锐	1
002517	迈锐宝	-1
002510	保时捷	0
002506	Cross Polo	1
002506	风光	0
002503	路虎	0
002502	明锐	0
002502	速派	0
002501	奥迪	0
002498	威朗	0
002497	长城	0
002497	哈弗SUV	0
002497	长安	1
002495	大众	0
002494	晶锐	0
002493	大众	0
002488	科鲁兹	1
002484	宝马	0
002471	斯柯达昕锐	0
002469	荣威e950	0
002467	奥迪	0
002461	科鲁兹	0
002448	M2	0
002448	君越	0
002448	M1	0
002447	凌渡GTS	0
002446	晶锐	0
002438	丰田	0
002438	本田	0
002436	广汽本田	1
002436	凌派	0
002434	普桑	1
002433	飞度	1
002432	起亚	0
002423	猎豹CS10	1
002421	途安L	1
002420	科鲁兹	0
002418	威朗	-1
002418	英朗	-1
002418	博瑞	0
002418	朗逸	-1
002418	科鲁兹	0
002415	Kodiaq	0
002415	上汽斯柯达	0
002415	上汽大众斯柯达	0
002415	斯柯达	0
002412	本田	1
002409	朗行	1
002408	POLO	1
002408	大众	1
002407	凯越	0
002396	宝马X6	-1
002396	宝马	-1
002395	长安马自达	1
002395	创驰蓝天	1
002393	大众	0
002384	柯兰多	0
002384	双龙	0
002383	BMW i	0
002383	i8	0
002383	宝马	0
002383	i3	0
002378	途安	0
002377	帝豪GS	0
002369	昕动	0
002365	途观	0
002358	蒙迪欧	0
002358	君威	0
002358	凯迪拉克XTS	0
002358	别克君越	0
002358	福特金牛座	0
002358	Impala	0
002358	迈锐宝	0
002353	途安L	0
002351	迈腾	0
002351	金牛座	0
002351	君越	0
002351	帕萨特	-1
002348	迈腾	0
002347	凌渡	1
002346	爱丽舍	1
002346	昕锐	0
002337	东风雪铁龙C4世嘉	1
002331	斯柯达	0
002325	野帝	1
002325	斯柯达	1
002323	凯越	0
002321	奥德赛	0
002321	大众	0
002321	途安	0
002312	大众	0
002311	Polo	0
002311	大众POLO	0
002309	吉利博越	0
002299	别克凯越	0
002294	速腾	0
002294	凌渡	0
002293	Passat	1
002293	辉腾	1
002293	帕萨特	1
002291	途观	0
002283	瑞翼	1
002278	宝马	1
002275	途观	0
002274	大众	0
002274	斯柯达	0
002273	途观	0
002265	林肯	1
002259	奥迪 A3 e-tron	0
002259	TFSI	0
002257	奥迪	0
002255	昕锐	1
002248	沃尔沃XC60	0
002244	斯柯达	0
002238	昕动	0
002236	MG5	0
002231	宝马i3	0
002231	i3	0
002230	奔驰	0
002230	英菲尼迪	0
002230	雷克萨斯	0
002230	宝马	0
002224	保时捷	0
002220	保时捷	0
002217	朗行	0
002217	大众	0
002216	途安L	0
002214	福特	0
002212	众泰	-1
002208	凯迪拉克凯雷德	0
002195	KODIAQ	0
002195	斯柯达	0
002189	上汽通用五菱	0
002182	凌度	0
002181	朗逸	0
002181	塞拉图	0
002181	卡迪拉克	0
002181	君威	0
002175	上汽大众	0
002175	途安	0
002172	特斯拉	0
002172	福特	0
002171	朗境	1
002168	大众POLO	0
002157	上汽大众	1
002157	途安L	1
002157	途安	1
002155	帕萨特	-1
002153	Polo	0
002149	标致	0
002149	东风标致4008	0
002143	盖世	0
002143	大众	0
002142	上汽大众	0
002142	桑塔纳	0
002141	高尔夫	0
002141	大众	0
002141	丰田卡罗拉	0
002139	California	0
002139	法拉利	0
002133	RX5	0
002133	锐腾	1
002133	荣威RX5	0
002124	别克英朗	1
002123	途观	1
002110	大切	0
002110	X5	0
002110	Q7	0
002110	途锐	0
002109	迈腾	-1
002109	大众	0
002108	华泰	0
002103	传祺GS8	1
002096	一汽	0
002096	迈瑞宝	0
002095	大众	1
002094	东风标致	1
002094	东风标致308	1
002091	奥迪50	1
002089	领驭	0
002087	宝马	0
002084	法拉利	-1
002081	大众	0
002081	斯柯达速派	0
002079	本田	0
002073	迈腾	1
002073	大众	1
002072	昕动	0
002070	小博	0
002069	A6	0
002060	缤智	0
002060	翼搏	0
002060	起亚KX3	0
002060	现代ix25	0
002060	雪铁龙C3-XR	0
002060	创酷	0
002060	逍客	0
002060	卡缤	0
002060	标致2008	0
002060	斯柯达Yeti	0
002060	别克昂科拉	0
002060	XR-V	0
002052	上海大众朗逸	0
002048	朗逸	0
002042	北京现代ix25	0
002041	瑞风S5	1
002040	PST	1
002034	速派	1
002028	辉昂	0
002028	朗逸	0
002017	东风标致2550	0
002016	比亚迪K6	1
002014	途观	0
002011	明锐	0
002011	速派	0
002009	奥迪	0
002009	A4L	0
002007	F-PACE	0
002007	捷豹	0
001993	夏朗	1
001987	北京现代悦纳	0
001983	大众	0
001981	宝马i3	0
001981	i3	0
001968	大众	0
001967	爱丽舍	0
001967	昕锐	0
001967	麦弗逊	0
001965	Superb	0
001965	速派	0
001965	斯柯达	0
001963	众泰	0
001963	T600	1
001962	凯越	0
001959	伊兰特	1
001956	小八	1
001954	斯柯达	0
001952	帕萨特	0
001950	昂科威	0
001950	翼虎	0
001943	晶锐	1
001942	大众	0
001940	悦翔	0
001940	远景	0
001940	思铂睿	-1
001940	思域	0
001940	奔奔	0
001940	熊猫	0
001940	K5	-1
001940	金刚	0
001940	长安	0
001940	秀尔	-1
001940	吉利	0
001940	奇云	0
001940	轩逸	1
001940	骐达	0
001940	哈弗	0
001940	大众	-1
001940	卡罗拉	0
001940	桑塔纳2000	-1
001935	途观	0
001930	CIVIC	1
001930	思铂睿	1
001930	思域	1
001930	地球梦	1
001930	SPIRIOR	1
001930	GREIZ	1
001930	哥瑞	1
001930	Honda	1
001929	马自达CX-5	0
001929	途观	1
001929	翼虎	0
001927	威驰	-1
001927	凯越	-1
001927	晶锐	1
001927	启辰	1
001924	奥迪	0
001922	锋驭	1
001921	凯迪拉克	0
001921	凯迪拉克总统一号	0
001919	昕动	1
001919	斯柯达	1
001916	大众	0
001915	广汽传祺GS8	0
001911	奥迪	0
001910	途观	1
001909	大众途观	0
001907	兰博基尼	0
001906	五菱	1
001903	东风标致	0
001902	朗逸	1
001902	大众	1
001901	江淮瑞风s3	0
001899	长安福特福克斯	-1
001888	速派	1
001881	GS4	1
001881	GS8	0
001881	广汽传祺	0
001881	传祺	1
001880	途观	1
001877	长安CS75	-1
001875	丰田凯美瑞	0
001875	本田思域	0
001869	凌渡	1
001868	大众途观	0
001863	国光	0
001863	Jepp	0
001863	大众	0
001863	途观	0
001861	速腾	0
001861	朗逸	0
001859	斯柯达野帝2	0
001851	大众	1
001842	逸动	-1
001842	悦翔	-1
001842	长安	-1
001841	捷豹	0
001832	途观	0
001828	宝马2系	0
001828	宝马	0
001826	双环	0
001826	本田	0
001823	丰田	0
001817	飞度	1
001812	宝马	0
001811	朗逸	0
001808	福克斯	0
001806	现代	0
001798	斯柯达昕锐	0
001790	途安L	1
001788	明锐	0
001788	斯柯达	0
001785	一汽丰田	0
001785	卡罗拉	0
001783	Q7	1
001781	上汽大众	1
001781	一汽-大众	1
001781	大众	1
001780	C4L	0
001780	雪铁龙	0
001780	朗逸	0
001774	凯越	1
001770	宝来	0
001770	一汽大众	0
001768	长安	0
001764	晶锐	1
001763	尊荣	0
001763	迈腾	0
001763	帕萨特	0
001760	辉昂	0
001760	大众	0
001757	奔驰	0
001757	帕萨特	0
001757	捷达	0
001751	大众	0
001749	华泰	0
001746	一汽－大众	0
001746	上汽通用	0
001746	北京现代	0
001746	海马	0
001737	奥迪	0
001737	奥迪Q7	0
001735	速派	0
001734	昕动	0
001716	朗行	0
001700	途安L	1
001695	迈腾	0
001695	帕萨特	0
001693	桑塔纳	0
001689	宝马	0
001686	缤智	0
001686	CDX	0
001686	广汽讴歌	0
001686	广本	0
001682	锐界	0
001682	途观	0
001682	汉兰达	0
001678	日产	0
001678	大众	0
001678	宝马	0
001677	帕萨特	0
001674	斯柯达明锐	1
001674	斯柯达	1
001669	凯迪拉克PHEV	0
001668	思域	0
001668	本田	0
001664	马自达	1
001664	大众	0
001664	日产	0
001664	丰田	0
001663	桑塔纳	0
001663	桑塔纳·浩纳。	0
001663	上海大众	0
001661	标致	0
001660	雅阁	0
001660	速派	1
001655	北京现代悦动	0
001653	本田	1
001651	威朗轿跑	0
001647	朗逸	0
001647	上海大众	0
001639	速派	0
001631	晶锐	1
001628	帕萨特	1
001603	上汽大众Cross桑塔纳	0
001603	桑塔纳·浩纳	0
001597	东风雪铁龙C4世嘉	0
001597	上汽大众朗逸	0
001595	众泰	1
001595	途观	1
001586	Superb	1
001586	速派	1
001586	斯柯达	1
001581	雷诺	0
001573	帕萨特	0
001562	三菱	0
001562	XM Concept	0
001561	途观	0
001561	Q5	0
001561	奥迪Q5	1
001558	明锐	1
001557	别克	0
001557	凯越	0
001555	桑塔纳	0
001555	上海大众	0
001553	途观	1
001549	夏利	0
001549	拉达	0
001540	北汽幻速S3L	0
001540	北汽幻速	0
001536	晶锐	0
001536	斯柯达	0
001529	吉利帝豪GS	1
001512	途观	0
001510	捷豹xe	1
001507	斯柯达晶锐	1
001504	大黄蜂	1
001504	雪佛兰	1
001504	科迈罗	1
001504	迈锐宝	0
001499	斯柯达	0
001498	途安L	1
001498	途安	1
001496	Polo GTI	1
001488	大众尚酷	0
001488	尚酷	1
001486	雷诺风朗	-1
001483	帕萨特	1
001483	凌渡	0
001479	奥迪	1
001474	途观	1
001474	翼虎	0
001473	晶锐	0
001472	大众	1
001470	迈腾	0
001469	凌渡	1
001468	保时捷	0
001468	捷豹F-Type	0
001463	奥迪	0
001463	宝马	0
001454	猎豹	0
001454	猎豹CS10	0
001444	途观	-1
001444	大众	-1
001444	大众高尔夫	-1
001444	帕萨特	-1
001444	捷达	-1
001440	保时捷Cayman GT4	1
001436	长城	-1
001425	大众	0
001425	上汽大众	0
001425	途安	1
001423	北汽威旺	-1
001422	大众	0
001416	途观	0
001416	奥迪A5	0
001415	明锐	0
001409	斯柯达	0
001408	大众一汽高尔夫	1
001406	高尔夫	0
001406	POLO	0
001406	大众	0
001405	速派	1
001401	Polo GTI	1
001400	MINI JCW	0
001400	奥迪RS1	0
001396	本田	0
001393	T5	1
001386	明锐	1
001385	吉利博越	0
001385	凌渡230	0
001385	大众	0
001381	一汽大众	0
001381	大众	0
001379	卡宴	0
001379	保时捷卡宴	0
001378	本田	0
001376	凌渡	1
001373	北汽幻速	0
001368	东风日产天籁公爵	-1
001365	北京现代伊兰特	0
001363	丰田	0
001363	日产	1
001363	本田	1
001362	大众	1
001360	路虎	0
001354	宝马	-1
001349	别克	0
001347	PHIDEON	1
001347	大众	1
001345	上汽斯柯达	0
001344	宝马	0
001344	五菱荣光	0
001342	昂克赛拉	0
001342	宝马3系	0
001342	马自达	1
001337	POLO	0
001337	大众	0
001333	北京现代	0
001332	大众Polo R WRC	0
001332	大众	0
001329	F3	1
001329	比亚迪	1
001327	宝马	0
001318	斯柯达野帝2	0
001318	Yeti 2	0
001316	POLO	0
001316	昕动	1
001312	途观	1
001309	大众途观	0
001307	奥迪	0
001307	A3 e-tron	0
001298	上汽大众凌渡GTS	1
001289	朗逸	0
001287	5系	1
001284	大众	0
001284	冠道	0
001277	沃尔沃	1
001273	大众	0
001270	上海通用别克君威	-1
001268	凯越	0
001263	君威	0
001258	Captur	1
001258	科雷嘉	1
001258	雷诺	1
001256	英菲尼迪	0
001247	五菱	0
001244	别克	0
001244	别克君威	0
001243	发现四	0
001243	XC60	0
001243	makan	0
001243	Q7	0
001243	X5	0
001242	大众Polo	0
001241	途安L	1
001240	比亚迪宋	1
001239	小A	1
001238	迈腾	1
001238	大众	1
001238	帕萨特	1
001237	长安之星	-1
001236	迈腾	0
001236	高尔夫	0
001228	长安SUV的 CS75	0
001228	长安	0
001227	途安L	0
001223	别克凯越	-1
001222	LEXUS	1
001222	雷克萨斯	1
001220	途观	-1
001213	宝马	0
001206	宝骏730	1
001206	宝骏	1
001206	宝骏560	0
001205	大众	0
001205	新帕	0
001197	朗逸	1
001197	大众	1
001186	斯柯达野帝	0
001184	东风风神	0
001184	A60	0
001183	途观	1
001175	POLO	1
001175	大众	1
001169	本田	0
001167	别克	0
001167	凯越	0
001166	上汽通用	1
001163	大众	0
001162	斯柯达速派	0
001157	雅阁	0
001157	速派	0
001156	朗逸	0
001155	雪铁龙	0
001155	东风雪铁龙	0
001154	明锐	0
001151	GA3	0
001151	C4L	0
001151	速腾	0
001151	英朗	0
001151	艾瑞泽	0
001151	宝来	0
001150	速腾	0
001144	速派	1
001143	奥迪	0
001143	A4L	0
001142	丰田	0
001142	大众	1
001140	丰田皇冠	0
001140	东风1号	0
001140	红旗H7	0
001139	马自达CX-5	0
001139	福特翼虎	0
001139	途观	-1
001139	翼虎	0
001138	奥迪	0
001137	高尔夫	1
001132	宝来	0
001132	路感	0
001118	大众辉昂	0
001116	西雅特	0
001110	520i	0
001110	宝马	0
001104	迈腾	0
001104	帕萨特	0
001090	英朗	0
001090	朗动	0
001084	途观	0
001083	A4	0
001083	奥迪	0
001077	昕动	1
001072	帕萨特	-1
001069	朗行	0
001069	大众	0
001058	特斯拉	0
001057	威朗	0
001057	英朗	0
001057	君威	0
001036	帕萨特	1
001033	Polo	0
001029	凯越	1
001027	凌渡	1
001026	一汽丰田	0
001026	RAV4荣放	0
001023	大众	0
001023	特斯拉	0
001021	凌志	1
001021	IS	-1
001020	别克	1
001020	君越	1
001020	凯越	1
001019	奥迪	0
001014	保时捷	0
001014	宝沃	0
001014	天籁	0
001012	PHIDEON辉昂	0
001012	上汽大众	0
001009	博越	0
001009	荣威	0
001005	斯柯达	1
001004	大众	0
001002	上海大众朗逸	-1
000996	大众凌渡	0
000996	上海大众凌渡	0
000996	尚酷	0
000996	凌渡	0
000995	朗行	0
000990	思域	0
000990	本田	0
000975	林肯	0
000973	保时捷	0
000973	麦弗逊	1
000972	上海大众斯柯达	0
000961	哈弗	0
000957	上海通用别克	-1
000956	凯越	0
000953	大众	0
000953	Passat	0
000952	本田CR-V	0
000952	大众途观	1
000952	福特翼虎	0
000952	丰田RAV4	0
000951	迈腾	0
000950	途胜	1
000948	上汽通用别克	0
000947	宝马	-1
000944	昕动	0
000941	标致雪铁龙	0
000934	途安L	1
000930	凯美瑞	0
000930	丰田	0
000925	速派	1
000923	丰田	0
000923	大众	1
000920	五菱宝骏	0
000919	别克	0
000919	别克荣御	0
000919	林荫大道	0
000914	斯柯达-Yeti	1
000907	保时捷	1
000904	揽胜	-1
000904	发现4	-1
000904	路虎	-1
000902	玛莎拉蒂	-1
000898	大众	0
000894	大众凌渡	1
000888	Hybrid	0
000888	英菲尼迪	0
000885	凌渡	0
000884	昕动	0
000884	麦弗逊	0
000884	大众	0
000882	东风标致	0
000881	昕动	0
000878	长安福特翼虎	0
000877	猎豹CS10	1
000875	福克斯	1
000868	发现神行	0
000868	捷豹路虎	0
000868	极光	0
000867	丰田致炫	0
000867	捷达	0
000867	瑞风S2	0
000867	奔腾B30	0
000867	爱唯欧	0
000867	风神A60	0
000867	帝豪	0
000867	艾瑞泽7	0
000867	本田哥瑞	0
000864	奥迪	1
000864	宝马730	0
000864	730	0
000864	奔驰S320	0
000860	麦弗逊	1
000860	创驰蓝天	1
000860	马自达	1
000859	途观	1
000858	奥迪	0
000858	A4L	0
000858	大众CC	0
000858	A5	0
000857	Tiguan	0
000855	启辰r50	0
000854	途观	0
000853	长城	1
000853	哈弗	1
000852	雷诺科雷傲	-1
000846	Polo	0
000845	大众途观	-1
000838	大众	0
000832	斯柯达	1
000831	英朗	1
000831	速腾	1
000831	菲翔	1
000831	福克斯	1
000830	昕动	0
000830	斯柯达	0
000827	长安CS35	0
000826	昕动	1
000826	路感	0
000825	标致	1
000823	福特	0
000820	途观	0
000817	POLO	1
000817	大众	0
000815	途观	1
000811	明锐	0
000809	标致3008	0
000809	MINI	0
000808	斯柯达	1
000807	PHIDEON辉昂	1
000806	途观	0
000804	英朗	0
000804	别克	0
000804	科鲁兹	0
000804	凯越	0
000802	比亚迪	0
000801	上汽通用雪佛兰	0
000801	迈锐宝XL	0
000799	朗逸	0
000797	丰田C-HR	0
000795	上海大众	0
000794	凯尊	1
000787	一汽-大众	0
000783	大众	1
000778	MX-5	0
000771	沃尔沃XC60	-1
000770	帕萨特	-1
000769	大众	1
000767	保时捷	0
000767	捷豹F-Type	0
000766	大众途观	0
000761	Lacetti	0
000761	别克	0
000761	上海通用	0
000761	上汽通用	0
000761	凯越	0
000750	宝马Z435i	0
000750	宝马	0
000749	辉昂	0
000749	小帕	0
000749	朗境	0
000749	大众	1
000744	明锐	0
000740	途观	0
000739	凯越	0
000739	马自达6	0
000726	斯巴鲁	0
000724	长安欧尚	1
000715	哈弗H7	0
000710	朗逸	1
000707	哈弗h2	0
000707	gs	0
000703	大众	0
000703	Jeep	0
000702	途观	1
000700	朗逸	0
000700	大众	1
000700	日产	1
000698	桑塔纳	0
000693	雷克萨斯	0
000689	明锐	0
000689	速派	0
000688	菲亚特	0
000685	宝来	0
000676	捷豹F-Type	0
000676	捷豹	0
000671	速腾	0
000669	华泰	0
000667	凌渡GTS	1
000666	途安L	1
000665	华晨	-1
000665	宝马	1
000664	森雅R7	0
000664	中国一汽	0
000661	大众	0
000659	福特F150	0
000652	骐达	0
000652	朗逸	0
000649	广汽传祺GA3S	1
000649	GA3S	0
000649	GA3	0
000645	朗行	0
000639	Roadster	0
000636	昕动	1
000631	途观	1
000628	羚羊	0
000627	凯美瑞	0
000627	吉利	0
000627	博瑞	0
000625	大众	0
000625	菲亚特	0
000624	夏朗	0
000617	大众	0
000610	斯柯达	-1
000609	凌渡GTS	1
000605	奥迪	0
000600	途观	1
000593	RX	0
000593	雷克萨斯	0
000592	大众途观	0
000590	速腾	0
000590	朗逸	0
000587	英朗	0
000587	卡罗拉	0
000583	北京现代	0
000577	K17	-1
000575	PHIDEON	0
000575	大众	0
000575	帕萨特	0
000575	辉道	0
000566	迈腾	1
000562	朗逸	0
000561	TFSI	0
000561	Tiguan	0
000561	大众	0
000561	奥迪A5	0
000560	速派	1
000559	大众	0
000554	宝马	0
000549	悦达起亚	0
000548	上汽大众	0
000548	途安L	0
000547	BMW M2	0
000547	捷豹	0
000541	途观	0
000536	上汽大众	0
000526	帕萨特	0
000526	宝马520	0
000523	大众	0
000510	up	0
000510	大众	1
000504	大众	0
000494	上海通用别克昂科拉	-1
000486	长安cs15	0
000478	大众POLO	0
000477	上汽大众途安L	1
000470	桑塔纳	0
000470	特斯拉	0
000468	雪铁龙c4世嘉	1
000468	别克英朗	1
000460	途观	1
000458	速派	1
000458	NewSuperb	1
000457	斯巴鲁	0
000447	Polo	0
000447	大众	0
000433	锋驭	0
000432	明锐	1
000424	途安L	1
000418	3008	0
000418	东风标致508	0
000418	308S	0
000417	全顺	0
000417	福特	0
000416	Polo	1
000415	朗逸	1
000414	迈腾	0
000414	速派	0
000410	宝马	0
000407	毕加索	1
000401	陆风X8	0
000395	路虎	0
000395	途观	0
000390	明锐	0
000389	大众	1
000389	途观	1
000389	凌渡	1
000386	凯越	0
000381	C3- XR	1
000381	雪铁龙	1
000380	大众	0
000375	福特锐界	1
000374	奥迪	0
000373	小迈	0
000368	英朗	1
000365	路虎	0
000365	捷豹	1
000364	卡罗拉	0
000363	宝马320	0
000363	奔驰E级	0
000360	丰田Corolla	0
000360	日产Infinity	0
000356	昂克赛拉	-1
000355	CrossPolo	0
000349	小海	0
000346	途观	0
000345	上海大众	0
000335	英朗	1
000328	迈腾	0
000323	明锐	0
000315	别克凯越	0
000305	上汽大众	-1
000305	途安	-1
000304	明锐	1
000304	速腾	1
000303	奔腾	0
000300	甲壳虫	1
000300	大众	0
000297	凌渡	1
000294	大众凌渡	1
000291	凌渡	0
000289	威驰	0
000287	途观	0
000287	RX5	0
000287	CRV	1
000287	哈佛H6	1
000287	吉利	1
000287	博越	1
000287	RV4	1
000287	锐腾	1
000287	传奇GS4	1
000287	大众	1
000287	翼虎	1
000282	北京现代	1
000281	荣威	0
000281	上汽新能源	0
000279	凯越	0
000275	丰田卡罗拉	0
000271	雪铁龙	0
000271	C3毕加索	0
000271	Cxperience	0
000270	马自达	0
000270	阿特兹	1
000265	昂科威	0
000265	CR-V	1
000265	宝骏560	0
000258	青年莲花	0
000257	别克	0
000248	途安L	1
000246	凌渡	1
000240	玛莎拉蒂GT	0
000234	宝马	1
000233	斯柯达	0
000228	飞度	0
000228	昕动	0
000226	途观	0
000223	明锐	0
000222	速派	1
000221	大众途安	0
000216	法拉利	0
000214	速腾	0
000207	雪佛兰科帕奇	-1
000206	福特	0
000205	A7	-1
000194	路感	0
000193	明锐	1
000191	别克	1
000191	昂科威	1
000191	途观	0
000186	明锐	-1
000186	斯柯达	-1
000178	国产雅阁	0
000174	上汽大众	0
000174	途观	0
000171	别克高尔夫	0
000167	斯威X7	0
000167	宝马	0
000158	三菱i-MiEV	0
000157	迈腾	0
000157	速派	0
000156	途观	0
000154	C级	0
000154	北京现代	0
000153	奥迪	0
000152	DS 4S	1
000149	本田	-1
000143	思铂睿	0
000143	凯美瑞	0
000143	昂科塞拉	1
000143	A4L	1
000143	迈锐宝	0
000142	POLO GTI	0
000142	大众	0
000140	东风标致3008	0
000138	现代	0
000136	大众普桑	0
000131	途观	-1
000127	北汽新能源	0
000127	北京新能源	0
000126	普桑	0
000116	帕萨特	0
000107	大众	1
000089	斯柯达明锐	0
000089	上海大众	0
000080	别克	0
000074	途安L	1
000073	途观	0
000071	Yeti SUV	0
000069	戴姆勒-克莱斯勒	0
000069	梅赛德斯-奔驰	0
000063	比亚迪唐	0
000061	速派330	0
000061	速派	1
000060	本田CR-V	0
000060	途安L	1
000055	日产	0
000055	丰田	0
000051	大众	0
000049	大众高尔夫	-1
000044	途观	1
000041	大众朗逸	0
000040	途安L	1
000024	斯柯达速派	1
000017	途观	1
000012	昕动	0
000011	cla	0
000011	拉达	0
000011	斯柯达	0
000009	凯越	0
000008	凯迪拉克	0
000005	途安L	1
000005	翼虎	1
