S30012	0.74705913	neu
S30013	0.10743427	neg
S30015	0.73798361	pos
S30016	0.00899218	neu
S30018	0.35585990	neu
S30027	0.95570307	neu
S30030	0.00855187	neu
S30038	0.99143154	neu
S30041	0.44720008	neu
S30046	0.59131650	neu
S30052	0.80876975	neu
S30053	0.01198036	neu
S30055	0.97570023	neu
S30059	0.34005774	neu
S30072	0.89835237	neu
S30087	0.20997470	neu
S30092	0.05190612	neu
S30097	0.97946987	neu
S30102	0.60083120	neu
S30103	0.41817801	neu
S30106	0.94824618	neu
S30113	0.33703402	neu
S30114	0.94247848	neu
S30116	0.24032031	neu
S30117	0.50555349	neu
S30119	0.69780631	neu
S30132	0.91422239	neu
S30135	0.00473437	neu
S30145	0.99733938	neu
S30157	0.97480536	neu
S30158	0.65157239	neu
S30163	0.22539678	neu
S30172	0.36697305	neu
S30173	0.99988473	neu
S30175	0.44767846	neu
S30187	0.07810742	neu
S30189	0.37762862	neu
S30196	0.96197322	neu
S30201	0.99146200	neu
S30205	0.69735560	neu
S30208	0.38817032	neu
S30214	0.55720813	neu
S30219	0.99778910	neu
S30220	0.97987524	neu
S30229	0.51181529	neu
S30231	0.46969026	neu
S30247	0.75358501	neu
S30248	0.09423225	neu
S30253	0.99606757	neu
S30254	0.72161126	neu
S30257	0.61807350	neu
S30264	0.52142771	neu
S30268	0.70597814	neu
S30270	0.12036623	neu
S30274	0.93913211	neu
S30283	0.90026339	neu
S30284	0.93338124	neu
S30286	0.15631650	neu
S30291	0.68041804	neu
S30298	0.70534033	neu
S30300	0.04766003	pos
S30304	0.98529849	neu
S30311	0.80411010	neu
S30314	0.49976572	neu
S30316	0.87958759	neu
S30319	0.19260000	neu
S30320	0.02682191	neu
S30321	0.35721886	neu
S30326	0.71749594	neu
S30338	0.95943960	neu
S30342	0.45308230	neu
S30343	0.54727169	neu
S30355	0.00472462	neu
S30357	0.99758164	pos
S30362	0.44767846	neu
S30366	0.01996407	neu
S30372	0.47951155	neu
S30374	0.36085764	neu
S30380	0.84137472	neu
S30386	0.16381117	neu
S30389	0.08223030	neu
S30392	0.51455298	neu
S30393	0.15155840	neu
S30400	0.05296780	neu
S30402	0.46067250	neu
S30404	0.63990386	neu
S30405	0.79118122	neu
S30424	0.61384423	neu
S30426	0.99252358	neu
S30427	0.97669725	neu
S30435	0.27750156	neu
S30441	0.81394093	neu
S30442	0.60585309	neu
S30446	0.22141862	neu
S30447	0.17101914	neu
S30449	0.83004123	neu
S30451	0.63637018	neu
S30460	0.58365091	neu
S30471	0.47156754	neu
S30475	0.02285809	neu
S30482	0.95274692	neu
S30483	0.97019422	neu
S30484	0.44047212	neu
S30485	0.03478079	neu
S30496	0.01884271	neu
S30498	0.17273082	neu
S30504	0.13239580	neu
S30505	0.19096779	neu
S30512	0.22502215	neu
S30518	0.32865829	neu
S30531	0.05282467	neu
S30536	0.84672215	neu
S30537	0.89752607	neu
S30539	0.05469913	neu
S30555	0.03653765	neu
S30558	0.84072298	neu
S30559	0.91599214	neu
S30571	0.99741270	neu
S30574	0.13161055	neu
S30575	0.99169782	neu
S30577	0.81507251	neg
S30582	0.89757663	neu
S30584	0.87880513	neu
S30588	0.03963834	neu
S30589	0.04044356	neu
S30611	0.86818001	neg
S30612	0.99919022	neu
S30614	0.88953195	neu
S30624	0.35526834	neu
S30625	0.34451875	neu
S30627	0.90627797	neu
S30632	0.72609454	neu
S30636	0.42078033	neu
S30645	0.99689760	neu
S30647	0.63153034	neu
S30649	0.74824441	neu
S30652	0.30862434	neu
S30656	0.52272453	neu
S30665	0.65793717	neu
S30680	0.94290353	neu
S30691	0.04073573	neu
S30694	0.11414488	neu
S30709	0.28563376	neg
S30716	0.99926768	neu
S30721	0.78739528	neu
S30726	0.03774878	neg
S30729	0.70940160	neu
S30732	0.36716594	neu
S30733	0.43851421	neu
S30736	0.12846813	neu
S30737	0.77075096	neu
S30738	0.04511057	neu
S30748	0.78228542	neu
S30753	0.63106878	neu
S30754	0.81802272	neu
S30756	0.50893052	neu
S30770	0.64033183	pos
S30775	0.97588396	neu
S30781	0.84029411	neu
S30787	0.31653093	neu
S30788	0.54423545	neu
S30801	0.43437184	neu
S30805	0.71946579	neu
S30806	0.02977948	neu
S30809	0.23445448	neu
S30812	0.28657805	neu
S30821	0.53599242	neu
S30823	0.01825802	neu
S30831	0.90990898	neu
S30832	0.30529497	neu
S30836	0.72816274	neu
S30837	0.25972447	neu
S30838	0.49134829	neu
S30840	0.77103412	neu
S30846	0.94216675	neu
S30847	0.99752735	neu
S30848	0.02014836	neu
S30849	0.58180872	neu
S30854	0.05472303	neu
S30855	0.06348301	neu
S30869	0.68597154	neu
S30881	0.57064873	neu
S30882	0.97620023	neu
S30890	0.53399437	neu
S30892	0.99357164	neu
S30903	0.16408702	neg
S30905	0.41481273	neu
S30909	0.91974826	neu
S30920	0.09183886	neu
S30921	0.95115715	neu
S30925	0.13281530	neu
S30927	0.38863269	neu
S30931	0.20062550	neu
S30936	0.35904690	neu
S30939	0.53588029	neu
S30940	0.19482343	neu
S30943	0.16900631	neu
S30948	0.99500783	neu
S30950	0.65306899	neu
S30956	0.98309852	pos
S30961	0.13844581	neu
S30962	0.03223231	neu
S30963	0.65104805	neu
S30964	0.83496279	neu
S30970	0.09956371	neu
S30985	0.07330180	neu
S30988	0.11333671	neu
S30990	0.05184658	neu
S30994	0.73541799	neg
S30996	0.61661404	neu
S30997	0.00047005	neg
S31004	0.79761851	neu
S31008	0.30859895	neu
S31011	0.92202576	neu
S31018	0.84741815	neu
S31020	0.27334725	neu
S31024	0.25012610	neu
S31027	0.79313313	neu
S31044	0.02228143	neu
S31046	0.11821011	neu
S31050	0.04489097	neu
S31063	0.00305716	neu
S31065	0.95836528	neu
S31077	0.39649037	neu
S31082	0.93122959	neu
S31092	0.14342910	neu
S31093	0.81066671	neu
S31096	0.08142219	neu
S31099	0.98873599	neu
S31100	0.99960821	neu
S31114	0.21540287	neu
S31120	0.35782673	neu
S31122	0.02585023	neu
S31125	0.72948135	neu
S31134	0.89660607	neu
S31141	0.60778104	neu
S31142	0.97731812	neu
S31149	0.98121366	neu
S31150	0.96396969	neu
S31155	0.99381130	neu
S31159	0.41153374	neu
S31160	0.83052674	neu
S31171	0.24484819	neu
S31176	0.68079472	neu
S31177	0.99764231	neu
S31179	0.99207607	neu
S31181	0.41108236	neu
S31183	0.06186548	neu
S31186	0.71977886	neu
S31187	0.50925739	neu
S31189	0.70435467	neu
S31197	0.02855485	neu
S31201	0.91628947	neu
S31202	0.13180327	neu
S31205	0.91155393	neu
S31213	0.80186101	neu
S31217	0.71052993	neu
S31219	0.97782148	pos
S31221	0.25683738	neu
S31226	0.34092149	neu
S31228	0.08457702	neu
S31229	0.99878887	neu
S31230	0.63675305	neu
S31231	0.03507449	neu
S31232	0.85655912	neu
S31233	0.91591071	neu
S31237	0.96516175	neu
S31243	0.00162374	neg
S31245	0.23420523	neu
S31251	0.53938250	neu
S31252	0.99745867	neu
S31253	0.60776568	neu
S31257	0.92884648	neu
S31269	0.96085484	neu
S31270	0.23847875	neu
S31277	0.05203314	neu
S31286	0.01298427	neu
S31289	0.65386895	neu
S31309	0.30131706	neu
S31310	0.01885230	neu
S31311	0.15067325	neu
S31319	0.14353013	neu
S31320	0.94699530	neu
S31322	0.70842310	neu
S31333	0.13180252	neu
S31334	0.95332404	neu
S31338	0.93493228	neu
S31353	0.35157909	neu
S31360	0.61509492	neu
S31364	0.04663261	neu
S31372	0.72489553	neg
S31373	0.80719733	neu
S31379	0.12796295	neu
S31383	0.35387339	neu
S31389	0.57540943	pos
S31392	0.73264667	neu
S31395	0.58620498	neu
S31406	0.81289009	neu
S31407	0.94541410	neu
S31417	0.47686420	neu
S31421	0.36942292	neu
S31427	0.69539658	neu
S31429	0.99369754	neu
S31433	0.62824073	neu
S31434	0.33412958	neu
S31435	0.96668079	neu
S31437	0.84534612	neu
S31444	0.94600233	neu
S31445	0.99533510	neu
S31447	0.20292013	neu
S31451	0.12203372	neu
S31459	0.75477396	neu
S31468	0.86395950	neu
S31470	0.79157010	neu
S31480	0.00578376	neu
S31481	0.35259931	neg
S31484	0.48464887	neu
S31485	0.14381558	neu
S31487	0.14038873	neu
S31489	0.95951038	neu
S31492	0.22440934	neu
S31511	0.89062136	neu
S31512	0.11608750	neu
S31523	0.01984625	neu
S31528	0.02135275	neu
S31539	0.75827449	neu
S31545	0.60224314	neu
S31548	0.80128484	neu
S31549	0.22897382	neu
S31556	0.92480149	neu
S31562	0.89090612	neu
S31565	0.02666336	neu
S31569	0.60153630	neu
S31579	0.91101924	neu
S31584	0.50713883	neu
S31597	0.08370830	neu
S31599	0.42455187	neu
S31602	0.99683610	neu
S31610	0.75225453	neu
S31615	0.91160246	neu
S31616	0.83283427	neu
S31620	0.13347940	neu
S31624	0.99202716	neu
S31633	0.99767265	neu
S31639	0.98262407	neu
S31651	0.99685267	neu
S31652	0.49337208	neu
S31655	0.14555142	neu
S31656	0.99894639	neu
S31657	0.10146072	neu
S31658	0.94490079	neu
S31663	0.09886148	neu
S31665	0.77479219	neu
S31666	0.35897814	neu
S31673	0.00181668	neu
S31674	0.53373546	neu
S31687	0.51308686	neu
S31694	0.40270739	neu
S31696	0.54844342	neu
S31698	0.09316412	neu
S31699	0.02439861	neu
S31704	0.12071280	pos
S31708	0.95387845	neu
S31710	0.06022180	neu
S31721	0.78634448	neu
S31731	0.60154090	neg
S31732	0.95974984	neu
S31735	0.27028314	neu
S31738	0.99985810	neu
S31743	0.37290393	neu
S31749	0.91313103	neu
S31755	0.72801270	neu
S31756	0.00182942	neu
S31757	0.99461804	neu
S31763	0.11885026	neu
S31765	0.95733982	neu
S31771	0.02644555	neu
S31772	0.84750401	neu
S31779	0.39792053	neu
S31780	0.98757906	neu
S31781	0.57630356	neu
S31782	0.20529875	neu
S31785	0.01903059	neu
S31791	0.92268492	neu
S31792	0.82674171	neu
S31793	0.99756602	neu
S31794	0.74310947	neu
S31800	0.60166422	pos
S31801	0.00849142	neu
S31811	0.89013590	neu
S31816	0.76035433	neu
S31817	0.34479613	neu
S31822	0.00000037	neu
S31826	0.24726410	neu
S31829	0.99184576	neu
S31836	0.60772830	neu
S31838	0.98970359	neu
S31839	0.75501847	pos
S31843	0.42748889	neu
S31852	0.35669428	neu
S31853	0.97944940	neu
S31854	0.36919467	neu
S31856	0.86814475	neu
S31863	0.81988766	neu
S31870	0.99444559	neu
S31872	0.47492685	neu
S31873	0.66227933	neu
S31876	0.58035503	neu
S31878	0.95405370	pos
S31882	0.71907242	neu
S31885	0.45384512	neu
S31889	0.36860030	neu
S31910	0.05842347	neu
S31913	0.33235575	neu
S31916	0.99953273	neu
S31917	0.56824909	neu
S31918	0.76810269	neu
S31919	0.70476011	neu
S31921	0.11720086	neu
S31923	0.99687076	neu
S31925	0.82885581	neu
S31932	0.97229124	neu
S31939	0.47885599	neu
S31948	0.88395609	neu
S31963	0.33038215	neu
S31965	0.87949139	pos
S31968	0.78163969	neu
S31978	0.10460350	neu
S31982	0.12246613	neu
S31983	0.50767227	neu
S31995	0.96089492	neu
S32005	0.99985535	neu
S32011	0.93685458	neu
S32015	0.59656021	neu
S32019	0.11876123	neu
S32025	0.31339042	neu
S32031	0.07038768	neu
S32039	0.98479522	neu
S32042	0.28937695	neu
S32046	0.36721934	neu
S32049	0.02175420	neu
S32060	0.12779344	neu
S32062	0.36051830	neu
S32063	0.95735808	neu
S32072	0.06201124	neu
S32082	0.35396604	neu
S32083	0.92679488	neu
S32087	0.89842359	neu
S32092	0.07753782	neu
S32093	0.93714408	neu
S32096	0.17135438	neu
S32097	0.35752229	neu
S32099	0.89095281	neu
S32104	0.99988580	neu
S32107	0.99743467	neu
S32108	0.99899360	neu
S32122	0.05521622	neu
S32123	0.03883775	neu
S32126	0.05314846	neu
S32127	0.61849064	neu
S32129	0.73991121	neu
S32132	0.03654923	neu
S32134	0.99488100	neu
S32137	0.90785593	neu
S32138	0.10514328	neu
S32144	0.23776654	neu
S32146	0.58966007	neu
S32148	0.40178392	neu
S32151	0.93736824	neu
S32153	0.74407492	neu
S32156	0.19807284	neu
S32159	0.93140400	neu
S32160	0.30485742	neu
S32167	0.99859653	neu
S32168	0.57315485	neu
S32175	0.88171857	neu
S32176	0.23760513	neu
S32183	0.22276120	neu
S32187	0.48882588	neu
S32188	0.91613001	neu
S32202	0.71286132	neu
S32204	0.19536254	neu
S32211	0.88791178	neu
S32216	0.64581021	neu
S32220	0.45799137	neu
S32229	0.18111214	neu
S32231	0.82991372	neu
S32240	0.62939268	neu
S32253	0.85772630	neu
S32261	0.49404835	neu
S32262	0.46337885	neu
S32266	0.62553516	neu
S32269	0.38487653	neu
S32271	0.10716160	neu
S32272	0.08331244	neu
S32280	0.06730657	neu
S32286	0.80076440	neu
S32289	0.02704037	neu
S32290	0.24442876	neu
S32295	0.04929182	neu
S32299	0.02660621	neu
S32300	0.83022927	neu
S32302	0.99166187	neu
S32314	0.20447241	neu
S32320	0.09717746	neu
S32325	0.99588635	neu
S32326	0.90378074	neu
S32327	0.07842800	neu
S32329	0.72409604	neu
S32332	0.91677648	neu
S32333	0.96125594	neu
S32335	0.96406155	neu
S32336	0.28495810	neu
S32342	0.06405148	neu
S32351	0.94082325	neu
S32352	0.57389721	neu
S32356	0.64690532	neu
S32365	0.80802301	neu
S32366	0.74700824	neu
S32367	0.25796327	neu
S32368	0.48803146	neu
S32372	0.11124006	neu
S32373	0.56069767	neu
S32378	0.79764648	neu
S32382	0.97538418	neu
S32383	0.24659028	neu
S32388	0.50488793	neu
S32396	0.52990238	neu
S32399	0.64481666	neu
S32400	0.04996140	neu
S32401	0.97530579	neu
S32403	0.13170461	neu
S32404	0.04588989	neu
S32409	0.19499511	neu
S32410	0.81731864	neu
S32414	0.39754558	neu
S32417	0.98892489	neu
S32423	0.82144578	neu
S32426	0.45878468	neu
S32427	0.43711517	neu
S32428	0.67148588	neu
S32434	0.07366374	neu
S32438	0.61881269	neu
S32439	0.43605828	neu
S32440	0.00218831	neu
S32444	0.99957239	neu
S32445	0.99506492	neu
S32446	0.31924078	neu
S32450	0.64295486	neu
S32457	0.86503261	neu
S32459	0.93094623	neu
S32470	0.56168697	neu
S32473	0.34362646	neu
S32476	0.42134578	neu
S32478	0.14452137	neu
S32479	0.40843859	neu
S32481	0.04162591	neu
S32484	0.04035905	pos
S32486	0.96967947	neu
S32492	0.64635611	neu
S32495	0.61137026	neu
S32499	0.56980770	neu
S32501	0.99721827	pos
S32503	0.91284730	neu
S32508	0.79281609	pos
S32510	0.84235079	neu
S32512	0.10001904	neu
S32514	0.64753803	neu
S32528	0.62632130	pos
S32534	0.98531611	neu
S32537	0.51869593	pos
S32538	0.79344220	pos
S32540	0.74899805	neu
S32542	0.57018147	neu
S32543	0.99692342	pos
S32544	0.81982179	neu
S32548	0.75227013	neu
S32566	0.93740872	neu
S32588	0.96419360	neu
S32589	0.01604755	neu
S32594	0.06498185	neu
S32595	0.82247929	neu
S32597	0.02986026	neu
S32600	0.99997165	neu
S32601	0.60918270	neu
S32609	0.10896823	neu
S32610	0.06041093	neu
S32612	0.56501473	neu
S32615	0.98622112	neu
S32616	0.19142391	neu
S32631	0.33257742	neu
S32644	0.88218202	neu
S32650	0.85893328	neu
S32668	0.64184292	neu
S32670	0.92208345	neu
S32680	0.41992599	neu
S32682	0.89920449	neu
S32695	0.51690540	neu
S32701	0.01693213	neu
S32705	0.03834254	neu
S32711	0.03715683	neu
S32713	0.39790869	neu
S32715	0.77667527	neg
S32716	0.17280177	neu
S32722	0.03810215	neu
S32723	0.80557510	neu
S32732	0.00545567	neg
S32742	0.73112381	neu
S32750	0.23177709	neu
S32755	0.56309010	neu
S32759	0.32524732	neu
S32767	0.46683300	neu
S32770	0.36886025	neu
S32774	0.55619077	neu
S32777	0.98679516	neu
S32783	0.03040981	neu
S32786	0.79067877	neg
S32789	0.94768603	neu
S32791	0.58987949	neu
S32807	0.09727667	neu
S32809	0.84882341	neu
S32810	0.93581494	neu
S32813	0.07587394	neu
S32819	0.05510360	neu
S32820	0.53954915	neu
S32828	0.91527672	neu
S32830	0.70480124	neu
S32831	0.06774539	neu
S32832	0.88676092	neu
S32835	0.86367899	neu
S32838	0.10369220	neu
S32841	0.54503458	neg
S32844	0.20258876	neg
S32846	0.01816469	neu
S32855	0.79783671	neu
S32861	0.00864229	neu
S32869	0.82917643	pos
S32871	0.98758334	neu
S32872	0.18049828	neu
S32876	0.91731921	neu
S32877	0.12023008	neu
S32878	0.98001896	neu
S32882	0.01242008	neu
S32884	0.87836705	pos
S32892	0.42701772	neu
S32897	0.47289983	neu
S32900	0.06412928	neu
S32910	0.97513333	neu
S32917	0.68605272	neu
S32919	0.83451778	neu
S32920	0.52474477	neu
S32921	0.07710744	neu
S32924	0.04172967	neg
S32926	0.88196480	neu
S32934	0.95592234	neu
S32936	0.24282078	neu
S32939	0.09934888	neu
S32942	0.06356293	neu
S32947	0.49642201	neu
S32969	0.23850895	neu
S32974	0.29662279	neu
S32975	0.23215734	neu
S32977	0.82679362	neu
S32978	0.04596352	neu
S32979	0.10383737	neu
S32984	0.62400990	neu
S32985	0.69511725	neu
S32991	0.00576273	neu
S32994	0.57828928	neg
S32996	0.00858248	neg
S32998	0.62913372	neu
S33001	0.25038890	neu
S33010	0.96822926	neu
S33014	0.89975601	neu
S33016	0.52184569	neu
S33017	0.33584837	neu
S33018	0.56028270	neu
S33019	0.29519949	neu
S33022	0.36513140	neu
S33023	0.98475753	neu
S33025	0.35538972	neu
S33031	0.65829384	neu
S33038	0.99991626	neu
S33040	0.14267742	neu
S33042	0.54585807	neu
S33044	0.08297217	neu
S33045	0.98271205	pos
S33058	0.98173741	neu
S33063	0.39715766	neu
S33076	0.06952906	neu
S33079	0.47505595	neg
S33080	0.03543767	neu
S33085	0.09805862	neu
S33089	0.30391348	neu
S33091	0.58109543	neu
S33094	0.60703268	neu
S33103	0.73570129	neu
S33104	0.72777385	neu
S33118	0.65341185	neu
S33120	0.84139613	neu
S33125	0.63242496	neu
S33132	0.22991389	neg
S33138	0.74315617	neu
S33146	0.49633878	neu
S33147	0.71149369	neu
S33157	0.00846590	neu
S33171	0.04049547	neg
S33180	0.02223255	neu
S33182	0.00004421	neu
S33184	0.58213071	neu
S33192	0.86750438	neg
S33214	0.92161589	neu
S33227	0.48018960	neu
S33228	0.98084914	neu
S33229	0.52782280	neg
S33230	0.99124886	pos
S33236	0.36036269	neu
S33241	0.73864933	neu
S33246	0.89485105	neu
S33248	0.76852575	neu
S33250	0.99698198	neu
S33264	0.04482333	neu
S33266	0.57266401	neu
S33274	0.14812150	neu
S33275	0.52519149	neg
S33283	0.87903535	neu
S33284	0.14048746	neu
S33286	0.66954932	neu
S33287	0.60544145	neu
S33301	0.91494744	neu
S33306	0.75799511	neu
S33315	0.09167342	neu
S33321	0.23514056	neu
S33323	0.03345499	neu
S33346	0.80522165	neu
S33350	0.00100350	neu
S33374	0.07853183	neu
S33380	0.95212631	neu
S33392	0.43970208	neu
S33405	0.02474658	neu
S33406	0.55076648	neu
S33413	0.03978245	neu
S33415	0.61491098	neu
S33417	0.07968414	neu
S33429	0.57206710	neu
S33449	0.11198455	neu
S33452	0.43943514	neu
S33460	0.33304625	neu
S33466	0.05729411	pos
S33472	0.88851589	neu
S33489	0.95691971	neu
S33494	0.95256868	neu
S33503	0.25040893	neu
S33514	0.42446635	neu
S33522	0.00001395	neu
S33524	0.94230275	neu
S33526	0.81954037	neu
S33546	0.19676696	neu
S33561	0.95155994	neu
S33585	0.83979608	neu
S33586	0.11346105	neu
S33593	0.98544998	neu
S33600	0.37101345	neu
S33616	0.16209210	neu
S33618	0.01444358	neu
S33633	0.64438456	neu
S33644	0.72329442	neu
S33648	0.98899314	neu
S33659	0.29866972	neu
S33669	0.88084548	neu
S33692	0.77592595	neu
S33696	0.57615365	neu
S33698	0.92129829	neu
S33700	0.99385542	neu
S33709	0.99999696	neu
S33718	1.00000000	neu
S33735	0.03128697	pos
S33737	0.54560652	neu
S33738	0.79325253	neu
S33741	0.29533138	neu
S33744	0.08194049	neu
S33747	0.91850244	neu
S33749	0.55666922	neg
S33750	0.70218341	neu
S33753	0.32066670	neu
S33755	0.02557042	neu
S33776	0.99960117	neu
S33778	0.46525549	neu
S33779	0.85287764	neu
S33781	0.99435803	neu
S33797	0.99188494	neu
S33810	0.25809961	neu
S33813	0.85184906	neu
S33816	0.99796751	neu
S33821	0.74390937	neu
S33828	0.64207204	neu
S33835	0.35032120	neu
S33836	0.17638147	neu
S33841	0.02386719	neu
S33845	0.49047113	neu
S33853	0.36860117	neg
S33858	0.00021050	neu
S33862	0.98641037	neu
S33883	0.94894210	neu
S33889	0.96356250	neu
S33897	0.02851996	neu
S33913	0.19258312	neg
S33916	0.38802644	neu
S33925	0.16060590	neu
S33935	0.84358003	neu
S33942	0.00914052	neu
S33948	0.05920963	neu
S33949	0.18931887	neu
S33962	0.68051270	neu
S33966	0.67195263	neu
S33974	0.99981007	neu
S33981	0.73102189	neu
S33986	0.74595035	neu
S33987	0.02830714	neu
S33990	0.05497549	neu
S33999	0.00460168	neu
S34002	0.92921110	neu
S34020	0.03113847	neu
S34021	0.66214782	neu
S34023	0.13818957	neu
S34024	0.21967234	neu
S34050	0.61561806	pos
S34053	0.99949982	neu
S34054	0.67271360	neu
S34062	0.71437312	neu
S34084	0.98274006	neu
S34088	0.71815288	neu
S34091	0.43771536	neu
S34095	0.75459722	neu
S34110	0.88347259	neu
S34115	0.94859834	neu
S34121	0.13736278	neg
S34133	0.22805175	neu
S34138	0.03731503	neu
S34139	0.69035925	neu
S34140	0.24935313	neu
S34143	0.52138718	neu
S34147	0.26957195	neu
S34155	0.43858331	neu
S34157	0.99787086	neu
S34159	0.91763127	neu
S34162	0.85664299	neu
S34169	0.64311039	neu
S34170	0.74899005	neu
S34174	0.72237102	neu
S34176	0.99896865	neu
S34180	0.99950355	neu
S34195	0.99924453	neu
S34198	0.05624898	neu
S34210	0.45260726	neu
S34213	0.67511455	neu
S34214	0.36636982	neu
S34222	0.08726765	neu
S34233	0.50691831	neu
S34240	0.88227285	neu
S34243	0.95927734	neu
S34247	0.74944885	neu
S34252	0.45725208	neu
S34265	0.99458877	neu
S34275	0.95097783	neu
S34280	0.00002674	neu
S34281	0.76103192	neu
S34303	0.46536194	neu
S34311	0.97732511	neu
S34320	0.35089404	neu
S34322	0.94482973	neu
S34329	0.01266243	neu
S34330	0.13098823	neu
S34339	0.96872846	neu
S34343	0.42058125	neu
S34346	0.42012740	neu
S34348	0.00030638	neu
S34363	0.64161212	neu
S34365	0.30660715	neu
S34366	0.43784335	neu
S34374	0.25105831	neu
S34379	0.10929457	neu
S34380	0.02638751	neu
S34383	0.84477722	neu
S34384	0.53668199	neu
S34389	0.98531057	neu
S34393	0.95915335	pos
S34397	0.00464683	neu
S34406	0.14111878	neu
S34407	0.90164572	neu
S34415	0.62195042	neg
S34419	0.46852646	pos
S34420	0.88355408	neu
S34442	0.10654461	neu
S34449	0.02047723	neu
S34450	0.91955830	neu
S34453	0.36074913	neu
S34456	0.39167496	neu
S34462	0.27563696	neu
S34465	0.74774747	neu
S34469	0.45091334	neu
S34475	0.00000001	neu
S34485	0.72628311	pos
S34488	0.41493853	neu
S34493	0.16663106	neu
S34495	0.31678125	neu
S34497	0.72277385	neu
S34502	0.37572235	neg
S34515	0.64797988	neu
S34532	0.99900200	neu
S34536	0.98809134	neu
S34539	0.99876948	neu
S34544	0.21270992	neu
S34547	0.92908658	neu
S34549	0.02025515	neu
S34551	0.22628959	neu
S34553	0.19819053	pos
S34556	0.04529923	neu
S34575	0.03073590	neu
S34587	0.02698218	neu
S34590	0.97234001	neu
S34595	0.13211975	neu
S34601	0.07252355	neu
S34622	0.63140119	neu
S34626	0.56918665	neu
S34627	0.98630962	neu
S34631	0.68674003	neu
S34643	0.58856825	neu
S34644	0.65184157	neu
S34646	0.80935807	neu
S34669	0.76781011	neu
S34673	0.02484012	neu
S34674	0.20927031	neu
S34680	0.34833857	neu
S34694	0.89395109	neu
S34696	0.62766757	neu
S34698	0.54633444	neu
S34700	0.78639358	neu
S34722	0.94502739	neu
S34730	0.45974781	neu
S34746	0.72035116	neu
S34748	0.98182060	neu
S34758	0.09321841	neu
S34765	0.63118656	neg
S34774	0.67734774	pos
S34786	0.84695475	neu
S34787	0.81256624	neu
S34791	0.95195542	neu
S34801	0.98886915	neu
S34802	0.25658433	neu
S34804	0.20580392	neu
S34806	0.27940344	neu
S34816	0.33072856	neu
S34818	0.68901593	neu
S34847	0.89956351	neu
S34853	0.97558343	neu
S34858	0.25487038	neu
S34862	0.32315208	neu
S34872	0.66139801	neu
S34878	0.42051648	neu
S34885	0.98617845	neu
S34892	0.99683252	neu
S34900	0.77486123	neu
S34909	0.41019223	neu
S34919	0.64594719	neu
S34937	0.03214083	neu
S34939	0.90684500	neu
S34945	0.27806752	neu
S34958	0.41478362	neu
S34965	0.08883469	neu
S34967	0.00006122	neu
S34969	0.00468153	neu
S34990	0.91317451	neu
S34991	0.77379959	neu
S34992	0.04674569	neu
S34995	0.51361845	neu
S34996	0.85060844	neu
S34997	0.99928975	neu
S35003	0.99489840	neu
S35004	0.98357425	neu
S35006	0.99976419	neu
S35007	0.26210681	neu
S35012	0.90105373	pos
S35019	0.90451567	neu
S35023	0.20146949	neu
S35024	0.93914521	neu
S35035	0.51185460	neu
S35047	0.87362618	neu
S35052	0.54532773	neu
S35053	0.05112579	neu
S35071	0.82816764	neu
S35075	0.01891175	neu
S35078	0.99850818	neu
S35091	0.64902045	neu
S35095	0.23921651	neu
S35104	0.29031671	neu
S35106	0.15600523	neu
S35108	0.96024805	neu
S35109	0.99913395	neu
S35113	0.88080066	neu
S35116	0.97835678	neu
S35128	0.86785695	neu
S35152	0.00911812	neu
S35153	0.99940825	neu
S35155	0.07871550	neu
S35160	0.98505389	neu
S35175	0.99205192	neu
S35196	0.31615681	neu
S35201	0.32636403	neu
S35213	0.07756872	neu
S35223	0.95738108	neu
S35231	0.45797954	neu
S35238	0.49682760	neu
S35247	0.04798316	neu
S35264	0.83805942	neu
S35287	0.62193238	neu
S35290	0.73113629	neu
S35295	0.30135201	neu
S35303	0.66374420	neu
S35305	0.93895796	neu
S35313	0.97953107	neu
S35316	0.20575461	neu
S35319	0.10154149	neu
S35331	0.97568984	neu
S35333	0.99939951	neu
S35342	0.05577324	neu
S35343	0.65655958	neu
S35345	0.33090038	neu
S35352	0.06801381	neu
S35376	0.53890073	neu
S35390	0.26432085	neu
S35401	0.02958605	neu
S35409	0.28152536	neu
S35410	0.50705021	neu
S35414	0.99230917	neu
S35416	0.43652440	neu
S35434	0.44266830	neu
S35437	0.57252795	neu
S35439	0.57138949	neu
S35444	0.01127704	neu
S35446	0.79202487	neu
S35451	0.99784994	pos
S35458	0.88186956	neu
S35459	0.77958012	neu
S35471	0.01935505	neu
S35474	0.06107508	neu
S35481	0.14078044	neu
S35482	0.32136869	neu
S35491	0.36683101	neu
S35494	0.25019470	neu
S35507	0.12010091	neu
S35509	0.14706713	neu
S35533	0.89360400	neu
S35540	0.45654478	neu
S35544	0.90935043	neu
S35549	0.83340308	neu
S35555	0.01204967	neu
S35562	0.92413846	neu
S35565	0.31934264	neu
S35566	0.92590445	neu
S35572	0.02528412	neu
S35575	0.85919185	neu
S35580	0.34878600	neu
S35584	0.88777050	neu
S35595	0.17996451	neu
S35602	0.57820995	neu
S35611	0.01479582	neu
S35614	0.83217010	neu
S35617	0.99991751	neu
S35622	0.89700576	neu
S35627	0.57759186	neu
S35630	0.00317135	neu
S35631	0.98171917	neu
S35638	0.95403175	neu
S35644	0.86810417	neu
S35659	0.93007438	neu
S35665	0.41536400	neu
S35669	0.27673149	neu
S35680	0.02525036	neu
S35689	0.03792696	neu
S35692	0.21148630	neu
S35697	0.94958463	neu
S35707	0.79789067	neu
S35714	0.12845905	neu
S35715	0.66634907	neu
S35717	0.78802116	neu
S35720	0.60901863	pos
S35732	0.00290179	neu
S35739	0.12091477	neu
S35750	0.80766624	neu
S35758	0.19719686	pos
S35761	0.76439957	neu
S35771	0.13524171	neu
S35773	0.59924583	neu
S35776	0.93762227	neu
S35785	0.19342066	neu
S35786	0.62685019	neu
S35791	0.78153338	neu
S35793	0.84901919	neu
S35795	0.04449685	neu
S35796	0.99113385	neu
S35800	0.43597305	neu
S35804	0.00172870	neg
S35805	0.32119589	neu
S35806	0.85123513	neu
S35808	0.18476490	neu
S35821	0.49868513	neu
S35822	0.39449337	neu
S35824	0.81024466	neu
S35855	0.98478803	neu
S35859	0.31080593	neu
S35864	0.16242705	neu
S35869	0.27723714	neu
S35892	0.31855160	neu
S35895	0.51045521	neu
S35902	0.97557855	neu
S35905	0.86564206	neu
S35911	0.95515723	neu
S35926	0.56474667	neu
S35928	0.12422741	neu
S35930	0.23627058	neu
S35931	0.99945437	neu
S35932	0.29676126	neu
S35945	0.81121309	neu
S35966	0.11825107	neu
S35968	0.14393952	neu
S35981	0.21836471	neu
S35985	0.99700234	neu
S35995	0.59484070	neu
S36000	0.88805956	neu
S36026	0.94968795	neu
S36029	0.13565092	neu
S36032	0.34818199	neu
S36037	0.54331449	neu
S36038	0.91753578	neu
S36040	0.02917601	neg
S36041	0.99942591	neu
S36044	0.98080423	pos
S36045	0.39657004	neu
S36054	0.98875394	neu
S36061	0.09664993	neu
S36070	0.09284176	neu
S36081	0.96546757	neu
S36094	0.86833234	neu
S36103	0.79825340	neu
S36121	0.13200276	neu
S36123	0.99750859	neu
S36127	0.25079902	neu
S36131	0.63048506	neu
S36136	0.44859449	neu
S36147	0.99611112	neu
S36152	0.68715787	neu
S36153	0.99771096	neu
S36159	0.99492188	neu
S36162	0.66497609	neu
S36166	0.93725012	neg
S36171	0.03553775	neu
S36175	0.00496627	neu
S36176	0.99561468	pos
S36182	0.99350460	neu
S36188	0.66561593	pos
S36195	0.92738945	pos
S36198	0.67998625	neu
S36208	0.92368840	neu
S36213	0.74686470	neu
S36224	0.17634003	neg
S36230	0.05810326	neu
S36234	0.99727229	neu
S36241	0.48407082	neg
S36257	0.01051862	neu
S36258	0.74601069	neu
S36259	0.02767931	neu
S36264	0.99999928	pos
S36277	0.96353399	neu
S36278	0.33719398	pos
S36281	0.03918387	neg
S36282	0.92411219	neu
S36285	0.97683186	neg
S36295	0.24318810	neg
S36298	0.61519458	neu
S36309	0.91719921	pos
S36327	0.13465469	neg
S36330	0.19816179	neg
S36337	0.99948214	pos
S36342	0.78488344	neu
S36350	0.55146504	neu
S36377	0.12429189	neg
S36379	0.99875233	neu
S36381	0.76686232	neu
S36387	0.22813580	neg
S36395	0.03787921	neg
S36397	0.84025640	neu
S36405	0.96051539	neu
S36413	0.99988407	neu
S36426	0.99352021	neu
S36432	0.58101215	neu
S36434	0.17721472	neu
S36439	0.24798303	neu
S36464	0.49665220	neu
S36468	0.77270044	neu
S36471	0.20089022	neu
S36510	0.70991198	neg
S36513	0.99083323	pos
S36519	0.04473659	neg
S36527	0.54143466	neu
S36534	0.38453347	neu
S36536	0.25676889	pos
S36537	0.46684935	neu
S36538	0.26363273	neu
S36541	0.21727775	neu
S36544	0.38786717	neu
S36547	0.89527512	neu
S36561	0.99878794	pos
S36566	0.97258705	neu
S36573	0.65521683	neu
S36586	0.97259620	neu
S36589	0.66519574	neu
S36598	0.15298325	neu
S36601	0.34491058	neg
S36605	0.97101383	neg
S36612	0.97399604	pos
S36636	0.99995095	neu
S36639	0.92091183	neu
S36640	0.02865883	neu
S36645	0.99475010	neu
S36650	0.49616204	neu
S36659	0.46444801	neu
S36662	0.02810466	neu
S36663	0.00426437	neu
S36668	0.98901412	neu
S36670	0.58516702	pos
S36672	0.99796466	neu
S36677	0.42545529	pos
S36690	0.99383317	neu
S36697	0.99153414	neg
S36705	0.87882460	pos
S36720	0.58709005	neu
S36727	0.50813199	neu
S36729	0.89057521	neu
S36733	0.99649573	neu
S36747	0.28765998	neu
S36755	0.07922740	neu
S36760	0.95126382	neu
S36770	0.00181434	neu
S36772	0.42963882	neg
S36777	0.14271571	neu
S36787	0.83391539	neu
S36789	0.71585728	neu
S36790	0.05914933	pos
S36794	0.62836534	pos
S36810	0.95998710	neu
S36813	0.97827405	neu
S36820	0.66079974	neu
S36826	0.97517788	neu
S36831	0.73822616	neu
S36835	0.96092548	pos
S36836	0.64293320	neu
S36842	0.43987563	pos
S36843	0.23477122	neg
S36846	0.65193184	neu
S36861	0.08042044	neg
S36863	0.50187432	neu
S36876	0.99996982	pos
S36886	0.96826071	neu
S36892	0.09573836	neu
S36899	0.41116183	neu
S36900	0.60653772	neu
S36901	0.88426724	neu
S36903	0.96110136	neu
S36905	0.49118738	neu
S36908	0.91019613	neu
S36910	0.31778547	neu
S36916	0.66687943	neu
S36920	0.72059148	pos
S36922	0.04071254	neg
S36923	0.99853014	pos
S36928	0.19725392	neu
S36929	0.10928027	neu
S36930	0.71341245	neu
S36936	0.66428076	neu
S36946	0.99999069	neu
S36949	0.67049059	neu
S36957	0.72215566	neu
S36958	0.63917096	neu
S36961	0.70468584	neu
S36965	0.51636760	neu
S36972	0.03397572	neu
S36978	0.02798072	neu
S36985	0.98001841	neu
S36986	0.29348022	pos
S36989	0.99031729	pos
S36994	0.98544704	neu
S36996	0.65830971	neg
028168	0.25836563	neu
028095	0.99009508	neu
028056	0.02302049	neu
027994	0.03603636	neg
027993	0.08299650	neu
027951	0.93494692	neg
027926	0.33596710	neu
027922	0.16811951	neg
027849	0.12820805	neg
027835	0.76033465	neu
027832	0.59455727	neu
027818	0.25512058	neg
027806	0.77859702	neu
027796	0.10331617	neu
027776	0.23445448	neu
027775	0.03127066	neg
027757	0.00277523	neg
027720	0.96148666	neg
027711	0.96012925	neu
027678	0.13559313	neg
027644	0.48690662	pos
027585	0.10999058	neu
027576	0.02346984	neu
027519	0.69282753	pos
027510	0.18227606	neg
027464	0.17544235	neg
027446	0.21491553	neg
027412	0.48003226	neu
027386	0.36240694	neg
027358	0.98089389	neg
027353	0.08878516	neg
027317	0.84563803	neg
027274	0.01632599	neu
027213	0.07181346	neg
027206	0.57621814	neu
027203	0.27396921	neg
027199	0.02539179	neg
027183	0.44448416	neu
027158	0.00056521	neg
027138	0.50677240	pos
027134	0.96723175	pos
027118	0.99888578	neu
027117	0.19126858	neg
027056	0.72469424	neu
027028	0.28647413	neg
027017	0.25781531	neu
026908	0.18148052	neg
026899	0.99240497	neu
026884	0.89359502	neu
026877	0.01092185	neg
026853	0.03020726	neu
026851	0.61563379	neu
026774	0.67139316	neg
026701	0.20923500	neg
026663	0.99882027	neu
026616	0.39158228	neu
026587	0.98578393	pos
026571	0.85995063	neu
026505	0.13506752	neg
026489	0.04225714	neu
026487	0.79729489	pos
026467	0.83417928	neu
026449	0.98463621	neu
026428	0.06753760	neg
026348	0.73756633	neg
026347	0.00183972	neg
026267	0.78861073	pos
026262	0.34905115	neu
026227	0.76677085	neu
026221	0.71304264	neu
026168	0.96994299	pos
026141	0.00767976	neg
026084	0.93606874	neg
026036	0.99217679	neg
026033	0.19106865	neg
026000	0.26472355	neg
025948	0.49276640	neu
025877	0.17225857	neg
025857	0.03127053	neg
025823	0.01180015	neg
025810	0.00816517	neg
025791	0.82762224	neu
025780	0.11953257	neu
025764	0.99659231	neg
025757	0.03985880	neg
025755	0.30846847	neu
025707	0.81681474	neu
025683	0.15467375	neg
025633	0.15282450	neg
025473	0.90089917	pos
025463	0.56401731	neu
025445	0.99363312	pos
025441	0.00635589	neg
025410	0.49830467	neu
025364	0.47235137	neu
025328	0.24749115	neg
025249	0.72929022	neu
025163	0.66889535	neu
025144	0.91028284	neg
025128	0.53275413	neu
025099	0.02571795	neu
025062	0.00508635	neg
025058	0.98521232	neu
025043	0.71176115	neg
024950	0.01389302	neg
024894	0.73566293	neg
024889	0.13370589	neg
024881	0.99650759	neu
024830	0.19192116	neg
024737	0.14701544	neg
024722	0.65628539	neg
024712	0.04839373	neu
024699	0.90853382	neu
024694	0.73942881	neg
024676	0.73943630	pos
024648	0.03560710	neg
024585	0.06862850	neu
024477	0.61778196	neu
024472	0.74709702	neg
024444	0.39505411	neg
024396	0.95274780	pos
024393	0.14410798	neg
024383	0.97877269	pos
024379	0.98532461	pos
024342	0.00106144	neg
024331	0.45621812	neu
024287	0.99874310	neu
024271	0.01767045	neg
024239	0.24901491	neu
024232	0.70818811	neu
024220	0.03941386	neg
024139	0.67793031	neg
024117	0.79621303	neu
024101	0.94560400	neu
024091	0.74896495	neu
024064	0.90060956	neu
024041	0.59851725	neu
024031	0.28852228	neu
024029	0.38684311	neg
024019	0.49797816	neg
023943	0.20775845	pos
023938	0.14107322	neg
023875	0.51326728	neu
023869	0.30410285	neg
023853	0.97413186	neu
023758	0.04170273	neg
023743	0.83177137	neu
023704	0.99725359	neu
023695	0.07422468	neg
023654	0.48072470	neg
023598	0.50211376	neu
023589	0.99898502	pos
023571	0.65543492	neg
023561	0.27428044	neg
023552	0.24116621	neg
023532	0.03984308	neu
023497	0.29860002	pos
023398	0.24444133	neu
023394	0.44751789	pos
023330	0.99850314	pos
023321	0.17314307	neg
023304	0.01340912	neu
023217	0.09687990	neg
023182	0.01239288	neg
023160	0.66116007	neu
023135	0.80383974	neg
023113	0.29830181	neu
023101	0.07972209	neg
023083	0.75487721	neu
023046	0.99999991	neu
023009	0.04462388	neg
022986	0.99725359	neu
022878	0.99822327	pos
022862	0.00459222	neg
022799	0.25356604	neu
022753	0.83201026	neg
022736	0.18661775	neg
022706	0.30045919	neg
022693	0.76189429	pos
022669	0.91707165	pos
022623	0.54855675	pos
022602	0.91707165	pos
022556	0.33692185	neg
022537	0.19429078	neu
022485	0.40455006	neg
022475	0.96552443	pos
022385	0.57244085	neg
022380	0.11477884	neg
022334	0.55066162	neg
022315	0.31570496	neu
022296	0.47143467	neu
022236	0.58085384	neg
022229	0.99986034	neu
022226	0.23657148	neu
022214	0.82195536	pos
022186	0.78113930	neu
022069	0.49897212	neg
022067	0.73312135	neg
021988	0.98226076	pos
021965	0.07808417	pos
021930	0.18986301	neu
021903	0.51966826	neu
021890	0.34838114	neu
021855	0.87851280	neu
021823	0.90648567	pos
021781	0.60382787	neg
021775	0.60080892	neu
021692	0.99810246	pos
021582	0.60705307	neg
021523	0.16618748	neg
021518	0.01711357	neg
021426	0.68488862	pos
021419	0.99991346	neu
021418	0.92548018	neu
021364	0.44306454	neg
021356	0.62600570	neu
021342	0.35233522	neg
021233	0.03551796	neg
021211	0.00155195	neg
021205	0.91146430	pos
021120	0.84565931	pos
021095	0.61966642	neg
021085	0.98114462	neg
021073	0.22681787	neg
021067	0.95833811	neu
021037	0.99594245	pos
020977	0.06191146	neg
020936	0.02848929	neg
020909	0.09515253	neg
020857	0.00409993	neu
020802	0.02130643	neg
020774	0.48591495	neu
020679	0.55019063	neg
020627	0.13403390	neu
020623	0.12991325	neg
020572	0.96848569	pos
020567	0.97010399	pos
020540	0.37698503	neu
020531	0.01689940	neg
020470	0.02264795	neg
020466	0.90267001	neu
020465	0.96203219	pos
020458	0.99789633	neu
020275	0.86093368	pos
020230	0.82589346	pos
020208	0.16274928	neg
020203	0.99953904	pos
020202	0.52715672	neu
020183	0.62088739	neu
020180	0.97001315	pos
020153	0.98075807	neu
020082	0.99848548	pos
020074	0.00810035	neu
020054	0.15098859	neg
019999	0.64912373	neg
019985	0.43943343	neg
019929	0.32557925	neg
019923	0.99489019	pos
019861	0.73343968	neu
019797	0.82195536	neu
019768	0.01891090	neg
019749	0.02079948	neg
019735	0.95081901	pos
019692	0.16557392	neu
019683	0.99955993	pos
019671	0.98691631	neu
019661	0.00067455	neg
019564	0.00340169	neg
019477	0.01209122	neg
019463	0.84159189	neu
019443	0.78549919	neg
019439	0.22168709	neg
019408	0.20586142	neu
019399	0.94839793	pos
019387	0.01781294	neg
019327	0.93239100	neg
019294	0.20228033	neg
019225	0.68273076	neu
019166	0.07697779	neg
019140	0.89477808	pos
019131	0.07791291	neg
019127	0.03447415	neg
019124	0.31145165	neg
019067	0.17613266	neu
019004	0.95629582	neu
018999	0.01238374	neg
018861	0.17692528	neu
018833	0.29790827	neu
018814	0.27422246	neg
018771	0.35156815	neg
018760	0.10923972	neg
018752	0.82490740	neg
018747	0.63936104	neu
018745	0.44489767	neg
018697	0.60440047	neu
018694	0.14299321	neg
018693	0.28745903	neg
018671	0.08700904	neg
018665	0.97640245	neu
018648	0.06366632	neg
018638	0.00192996	neg
018626	0.00176334	neg
018572	0.99989296	pos
018569	0.22151586	neg
018556	0.27999210	neg
018549	0.55768412	neg
018516	0.52027226	neu
018486	0.06159251	neg
018433	0.99786440	neu
018378	0.00073092	neg
018373	0.06865299	neg
018329	0.75745303	neg
018169	0.95479971	pos
018105	0.83778884	neg
018031	0.02474553	neg
017993	0.25187753	neg
017971	0.72684531	neu
017942	0.81486346	pos
017842	0.20134782	neu
017827	0.03766772	neg
017826	0.60732276	neg
017825	0.94023858	neg
017805	0.36288215	neu
017732	0.04520948	neg
017709	0.01368934	neg
017697	0.85904922	pos
017675	0.42551780	neu
017629	0.19501282	neg
017597	0.68316893	neu
017593	0.99985054	neu
017522	0.19120914	neg
017506	0.26052551	neg
017426	0.92631570	pos
017410	0.33421558	neg
017392	0.48746384	neu
017343	0.03826083	neg
017321	0.09469033	neg
017284	0.99187144	neu
017236	0.72213406	neu
017232	0.68384400	pos
017147	0.56160216	neg
017114	0.92366453	neg
017110	0.97518535	neu
017044	0.89676887	neg
017012	0.99705777	pos
017003	0.17987927	neg
016989	0.26062128	neg
016985	0.47632049	pos
016977	0.26958061	neg
016950	0.49401143	neu
016925	0.91792770	neg
016921	0.90011334	neg
016905	0.12669595	neg
016800	0.99988561	neu
016785	0.69040033	neu
016759	0.97459117	neu
016700	0.17371770	neg
016686	0.02996982	neg
016671	0.53008134	neg
016630	0.82631835	neg
016596	0.57108481	neg
016537	0.34197560	pos
016487	0.93272717	neu
016476	0.07353034	neg
016461	0.49760633	pos
016446	0.75520107	neg
016410	0.00509444	neg
016392	0.95522605	pos
016323	0.99877500	pos
016293	0.96922515	pos
016291	0.03344463	neu
016188	0.51235785	neg
016181	0.97728438	neu
016162	0.96035754	neu
016113	0.65816958	neu
016091	0.01460354	neu
016027	0.04513331	neg
015984	0.69230734	neu
015904	0.92516804	neg
015872	0.01965572	neg
015870	0.06236370	neg
015844	0.93262743	neg
015827	0.09195693	neg
015825	0.00794072	neg
015778	0.99834590	pos
015748	0.99688050	pos
015708	0.93264799	pos
015703	0.72524622	neu
015681	0.51911904	neg
015666	0.15620478	neg
015649	0.97640342	neu
015621	0.24297245	neu
015620	0.88922139	neg
015614	0.00651092	neg
015523	0.18222454	neu
015489	0.98825016	neu
015383	0.01076910	neg
015356	0.51227688	neu
015322	0.05518298	neu
015308	0.16274928	neg
015270	0.15597195	neu
015239	0.99528415	neg
015210	0.99731759	neu
015209	0.96649063	neg
015208	0.08970598	neu
015199	0.07968923	neg
015156	0.98334223	pos
015152	0.93294282	pos
015097	0.97012656	pos
015055	0.32263447	pos
015032	0.23489155	neg
015027	0.96072536	neu
015015	0.99915716	pos
014995	0.88154704	neg
014985	0.01998235	neg
014957	0.02860013	neg
014930	0.96519279	neg
014886	0.17794331	neg
014876	0.39855130	pos
014846	0.30261848	neg
014842	0.95155238	neu
014765	0.06397979	neg
014759	0.05913591	neu
014646	0.94908975	pos
014575	0.04007000	neg
014571	0.00122640	neg
014565	0.60246541	neu
014533	0.96203219	pos
014521	0.04861692	neg
014489	0.33340013	neu
014476	0.33762618	neg
014470	0.02855320	neg
014463	0.10124116	neu
014444	0.06598112	neg
014434	0.31294477	neg
014423	0.86328081	neu
014402	0.36329996	neg
014360	0.92178989	neu
014355	0.73340829	neg
014261	0.99415739	neu
014219	0.85860161	pos
014204	0.14315319	neg
014198	0.84457171	neu
014186	0.00645369	neg
014149	0.13934059	neg
014101	0.99992409	pos
014096	0.00001617	neu
014084	0.02286015	neg
014023	0.99251583	neg
013976	0.50365292	neg
013844	0.81453635	neg
013837	0.12939166	neg
013825	0.91503605	neg
013790	0.62887867	pos
013761	0.00278277	neg
013752	0.17639082	pos
013712	0.98664641	neu
013655	0.02846055	neg
013539	0.91707165	neu
013501	0.07126993	neg
013473	0.73399249	neu
013451	0.04532587	neu
013441	0.66286969	neg
013440	0.12410713	neu
013412	0.55433849	neg
013369	0.90690027	neg
013357	0.57520249	neu
013328	0.18882126	neu
013313	0.82809519	neg
013303	0.93268900	neu
013244	0.02525398	neg
013206	0.10570601	neg
013187	0.99914140	pos
013125	0.01636980	neu
013107	0.85617500	neu
013057	0.48258332	neg
013048	0.26294789	neg
012990	0.02485564	neg
012942	0.42477766	neu
012935	0.74946478	neg
012924	0.03257822	neu
012877	0.53980884	neg
012863	0.07914561	neg
012862	0.03771616	neg
012837	0.07537095	neg
012818	0.64645627	neg
012808	0.96331344	neu
012775	0.00423704	neg
012774	0.37384577	neu
012764	0.07407614	neu
012720	0.94904517	neg
012716	0.31363805	neg
012711	0.03795088	neg
012686	0.14530359	neg
012685	0.53113070	neg
012652	0.71031802	neg
012602	0.10220295	neg
012597	0.76044049	pos
012562	0.96118422	neu
012508	0.99968880	pos
012456	0.97591002	neu
012438	0.65552751	neu
012361	0.99999962	neu
012352	0.21491000	neg
012330	0.95929915	neu
012279	0.74793386	neg
012258	0.23073469	neg
012222	0.22317665	neg
012198	0.03898382	neg
012176	0.82683646	neg
012168	0.22148779	neg
012152	0.85408752	neu
012140	0.99990155	pos
012118	0.07336995	neg
012038	0.43878700	neu
012001	0.17886702	neg
011950	0.96174235	neu
011942	0.99845334	neu
011925	0.91991162	neg
011898	0.16207671	neu
011830	0.34691225	neu
011780	0.10196469	neu
011748	0.01801640	neu
011719	0.00214292	neg
011698	0.08523669	neu
011647	0.21535865	neu
011639	0.09804202	neu
011585	0.99622629	neu
011522	0.31938870	neg
011505	0.19688940	neg
011500	0.16618125	neg
011487	0.99749915	pos
011480	0.48062470	neg
011472	0.02470562	neu
011469	0.84952409	neu
011456	0.39375766	neg
011431	0.89421348	neu
011389	0.03982449	neg
011331	0.84053952	neg
011309	0.99573198	pos
011281	0.99295391	neu
011181	0.97677224	neu
011164	0.78241229	neg
011155	0.99993096	neu
011153	0.90594511	neg
011149	0.09160038	neu
010954	0.22407971	neg
010917	0.15072486	neg
010891	0.93002632	neu
010829	0.00793888	neg
010826	0.99569901	neu
010821	0.10587063	neu
010808	0.38749624	neu
010742	0.00348526	neg
010729	0.02938429	neg
010702	0.00542212	neu
010669	0.92896969	pos
010653	0.36198229	neg
010630	0.11914510	neg
010623	0.26062128	neg
010591	0.39148049	neg
010567	0.82329464	neg
010562	0.45621812	neu
010560	0.00004864	neg
010541	0.58694954	neu
010518	0.37115683	neu
010449	0.03406867	neg
010448	0.63840853	pos
010433	0.57627265	pos
010423	0.93271796	neg
010409	0.15196355	neu
010370	0.77465664	pos
010288	0.21405366	neg
010284	0.99990155	pos
010262	0.21802385	pos
010242	0.75637556	pos
010213	0.02746926	neu
010202	0.02461388	neg
010083	0.99988561	pos
009851	0.03278788	neg
009847	0.07909159	neg
009844	0.35180744	pos
009831	0.87953905	neu
009829	0.44281002	neg
009828	0.07767427	neu
009755	0.68711226	pos
009701	0.99581467	neu
009685	0.32130889	neu
009632	0.69508872	neg
009625	0.02354380	neg
009611	0.66958446	neu
009602	0.99262507	neu
009539	0.90230135	neu
009452	0.94797896	neu
009434	0.41786644	neu
009417	0.00381216	neg
009404	0.00725297	neg
009371	0.21173328	neg
009239	0.77400752	neu
009194	0.27808723	neg
009142	0.40992652	neg
009125	0.31678059	neu
009076	0.45876768	pos
009066	0.96307837	neu
009059	0.32072088	neu
009051	0.91385648	pos
009042	0.80454604	neu
008951	0.32748104	neu
008938	0.30631737	neg
008933	0.05063012	neg
008920	0.84905639	neg
008893	0.04127302	neg
008887	0.01673905	neu
008791	0.01107962	neu
008727	0.89223532	pos
008711	0.94379605	pos
008675	0.31173794	neg
008670	0.20586282	neg
008665	0.99658166	neu
008621	0.41609307	neg
008613	0.99504710	neu
008474	0.08113347	neg
008440	0.87748392	pos
008367	0.43081594	neg
008335	0.52411886	neg
008322	0.99064550	neu
008307	0.33692185	neg
008291	0.31397722	neg
008271	0.38969033	neg
008184	0.02781509	neg
008128	0.21174526	neg
008120	0.71445301	neu
008106	0.08230961	neg
008102	0.99309187	pos
008079	0.56712294	neu
008008	0.07941196	neu
007954	0.01724917	neu
007919	0.99006126	neu
007914	0.68914807	neu
007863	0.96436202	neu
007786	0.99355523	pos
007761	0.82325462	neg
007758	0.14604225	neu
007722	0.75818331	pos
007589	0.07808417	pos
007371	0.96416762	neg
007368	0.35023709	neg
007364	0.00279830	pos
007358	0.14598053	neg
007357	0.76197417	neg
007341	0.99800513	pos
007326	0.94611040	neu
007230	0.44917431	pos
007095	0.41260123	pos
007051	0.22220926	pos
007026	0.12087772	neg
007011	0.58939762	pos
007005	0.99914140	pos
007004	0.24964585	neg
007001	0.40707281	neu
006993	0.93353620	pos
006973	0.99999536	neu
006949	0.88347948	neg
006933	0.96561819	neg
006927	0.96444538	neg
006906	0.02917549	neg
006844	0.02183741	neg
006777	0.60520189	neg
006733	0.63212304	neu
006723	0.51227284	neu
006718	0.97956649	neu
006699	0.91978554	neg
006621	0.11053051	neg
006558	0.10999058	neu
006541	0.07240613	neg
006518	0.27637848	neu
006517	0.54875680	pos
006511	0.04790984	neg
006404	0.90084086	neu
006385	0.79053413	neu
006309	0.15049208	neg
006307	0.99955126	neu
006281	0.86122032	neu
006234	0.99927715	pos
006179	0.00163263	neg
006128	0.06389542	neg
006025	0.03351452	neg
006013	0.89768376	neu
005998	0.00799571	neg
005969	0.13449582	neg
005907	0.99685469	neu
005827	0.15895222	neu
005737	0.91948422	neu
005704	0.41056131	neg
005702	0.02902934	neg
005666	0.99938436	neu
005654	0.99029243	neu
005652	0.99937556	pos
005587	0.01991558	neg
005363	0.45397470	pos
005347	0.32029113	neu
005335	0.96467544	neu
005271	0.95205656	pos
005269	0.68412422	neu
005263	0.00018006	neg
005232	0.96801016	neu
005226	0.01370159	neg
005221	0.84810498	neu
005180	0.98580496	neg
005130	0.11703277	neg
005078	0.97719676	neu
004955	0.70300362	neu
004913	0.99993007	pos
004899	0.31387802	neu
004881	0.08345967	neu
004871	0.92952232	neg
004831	0.58602833	neg
004801	0.96676435	neg
004715	0.95454022	neu
004687	0.11969431	neg
004624	0.68981037	neg
004618	0.78805326	neu
004615	0.40635165	neu
004497	0.00466494	neu
004488	0.98948241	pos
004474	0.86202917	neg
004432	0.53969769	neg
004325	0.93141093	pos
004303	0.04146639	neu
004282	0.92886998	neu
004274	0.94164029	neg
004267	0.16097011	neu
004260	0.01143373	neg
004244	0.21639912	neg
004231	0.66548628	pos
004223	0.17602503	neu
004155	0.76368297	neu
004107	0.08955908	neg
004097	0.02346670	neg
004072	0.99998959	pos
004071	0.29236076	neg
004034	0.99909337	pos
004021	0.00251607	neg
004012	0.96153079	neg
003999	0.97490020	pos
003968	0.05288226	neg
003941	0.99999999	pos
003926	0.92903953	neu
003916	0.95899711	neu
003914	0.12473160	neg
003864	0.47207686	neg
003863	0.27782208	neg
003849	0.60476450	neg
003808	0.99474778	pos
003797	0.88365493	neu
003783	0.91307321	neu
003736	0.85667067	neg
003718	0.01286111	neg
003709	0.77067041	neu
003693	0.00780590	neg
003664	0.92423551	neu
003662	0.98571406	neu
003606	0.15151676	neg
003605	0.06569137	neu
003595	0.23951623	neg
003564	0.99776736	pos
003562	0.48829746	neu
003561	0.97070991	neg
003511	0.99849843	neu
003409	0.13336087	pos
003312	0.11280149	neu
003309	0.02414499	neg
003300	0.83812182	neu
003255	0.07499989	neg
003202	0.52306467	neg
003197	0.49719356	neg
003141	0.98509643	neg
003034	0.28452736	neg
003016	0.97758326	neu
002972	0.05922815	neu
002936	0.00235316	neg
002925	0.99613895	neu
002862	0.56153885	neg
002845	0.56459862	neu
002830	0.79571976	pos
002787	0.27147911	neg
002782	0.06554759	neg
002713	0.99988524	pos
002696	0.66374420	neg
002686	0.39633498	neu
002676	0.29455824	neu
002673	0.99841760	pos
002638	0.69944773	neg
002601	0.99527604	pos
002600	0.00356262	neg
002595	0.99988561	neu
002531	0.27371250	neu
002529	0.96274842	neu
002517	0.32758854	neg
002502	0.97485276	neu
002501	0.98601899	pos
002446	0.22261251	pos
002409	0.99603240	pos
002384	0.62810873	neg
002378	0.64154196	pos
002248	0.09624410	neg
002212	0.18731819	neg
002155	0.27233298	neg
002142	0.90371222	neu
002110	0.38103936	neg
002084	0.01899164	neg
002017	0.32016271	neu
002014	0.98906127	pos
001954	0.02525355	neg
001909	0.78471079	neu
001899	0.25359074	neg
001877	0.60461251	neg
001868	0.23787941	neu
001806	0.00028630	neg
001798	0.99735128	neu
001768	0.39817932	neg
001677	0.51672547	neu
001655	0.99457639	neg
001555	0.04630656	neg
001496	0.54203503	neu
001486	0.78543953	neg
001423	0.04937495	neg
001409	0.96747787	neu
001406	0.99355523	neu
001400	0.97802667	neu
001368	0.34448452	neg
001365	0.01055321	neg
001318	0.99725707	neu
001287	0.93488418	pos
001273	0.54756482	neg
001242	0.78446265	neu
001072	0.92572071	neg
001058	0.95489283	neg
001033	0.21270992	pos
001012	0.86617965	pos
000972	0.04602225	neg
000882	0.02300589	neu
000852	0.89816933	neg
000846	0.77576732	neu
000845	0.30263145	neg
000838	0.24874692	neu
000827	0.61813435	neg
000820	0.94478943	neu
000771	0.44767846	neg
000770	0.66661797	neg
000744	0.75004967	neu
000698	0.26137686	neu
000661	0.54069220	neu
000592	0.00705622	neu
000583	0.09770417	neg
000554	0.01660566	neu
000523	0.01644079	neg
000494	0.02286875	neg
000447	0.21180677	neu
000433	0.55394831	neg
000414	0.82324823	neu
000395	0.97482335	neu
000186	0.00415301	neg
000156	0.98434063	neu
000142	0.55049508	neu
000131	0.96663589	neg
000089	0.79100432	neg
000024	0.99603760	pos
